2025-05-25 14:37:49,651 - semgrep.run_scan - DEBUG - semgrep version 1.2.0
2025-05-25 14:37:49,660 - semgrep.git - DEBUG - Failed to get project url from 'git ls-remote': Command failed with exit code: 128
-----
Command failed with output:
fatal: No remote configured to list refs from.


Failed to run 'git ls-remote --get-url'. Possible reasons:

- the git binary is not available
- the current working directory is not a git repository
- the baseline commit is not a parent of the current commit
    (if you are running through semgrep-app, check if you are setting `SEMGREP_BRANCH` or `SEMGREP_BASELINE_COMMIT` properly)
- the current working directory is not marked as safe
    (fix with `git config --global --add safe.directory $(pwd)`)

Try running the command yourself to debug the issue.
2025-05-25 14:37:49,661 - semgrep.config_resolver - DEBUG - Loading local config from /home/runner/workspace/.config/.semgrep/semgrep_rules.json
2025-05-25 14:37:49,670 - semgrep.config_resolver - DEBUG - Done loading local config from /home/runner/workspace/.config/.semgrep/semgrep_rules.json
2025-05-25 14:37:49,672 - semgrep.config_resolver - DEBUG - Saving rules to /tmp/semgrep-ozzlte2d.rules
2025-05-25 14:37:49,892 - semgrep.semgrep_core - DEBUG - Failed to open resource semgrep-core-proprietary: [Errno 2] No such file or directory: '/tmp/_MEIpsXbU7/semgrep/bin/semgrep-core-proprietary'.
2025-05-25 14:37:50,402 - semgrep.rule_lang - DEBUG - semgrep-core validation response: valid=True
2025-05-25 14:37:50,402 - semgrep.rule_lang - DEBUG - semgrep-core validation succeeded
2025-05-25 14:37:50,402 - semgrep.rule_lang - DEBUG - RPC validation succeeded
2025-05-25 14:37:50,403 - semgrep.config_resolver - DEBUG - loaded 1 configs in 0.7420520782470703
2025-05-25 14:37:50,491 - semgrep.run_scan - VERBOSE - running 711 rules from 1 config /home/runner/workspace/.config/.semgrep/semgrep_rules.json_0
2025-05-25 14:37:50,492 - semgrep.run_scan - VERBOSE - No .semgrepignore found. Using default .semgrepignore rules. See the docs for the list of default ignores: https://semgrep.dev/docs/cli-usage/#ignore-files
2025-05-25 14:37:50,494 - semgrep.run_scan - VERBOSE - Rules:
2025-05-25 14:37:50,494 - semgrep.run_scan - VERBOSE - <SKIPPED DATA (too many entries; use --max-log-list-entries)>
2025-05-25 14:37:52,872 - semgrep.core_runner - DEBUG - Passing whole rules directly to semgrep_core
2025-05-25 14:37:53,409 - semgrep.core_runner - DEBUG - Running Semgrep engine with command:
2025-05-25 14:37:53,409 - semgrep.core_runner - DEBUG - /tmp/_MEIpsXbU7/semgrep/bin/opengrep-core -json -rules /tmp/tmpmlu03ffa.json -j 8 -targets /tmp/tmpn0pi2pln -timeout 5 -timeout_threshold 3 -max_memory 0 -fast
2025-05-25 14:38:15,047 - semgrep.core_runner - DEBUG - --- semgrep-core stderr ---
[00.07][[34mINFO[0m]: Executed as: /tmp/_MEIpsXbU7/semgrep/bin/opengrep-core -json -rules /tmp/tmpmlu03ffa.json -j 8 -targets /tmp/tmpn0pi2pln -timeout 5 -timeout_threshold 3 -max_memory 0 -fast
[00.07][[34mINFO[0m]: Version: 1.2.0
[00.07][[34mINFO[0m]: Parsing rules in /tmp/tmpmlu03ffa.json
[00.49][[34mINFO[0m]: scan: processing 1810 files (skipping 0), with 711 rules (skipping 0 )
[03.41][[33mWARNING[0m]: Fixpoint timeout while performing taint analysis [rule: config..semgrep.vendored-rules.typescript.react.security.audit.react-href-var file: client/src/pages/map-view.tsx func: MapView:4279]
[0m[03.74][[33mWARNING[0m]: Fixpoint timeout while performing taint analysis [rule: config..semgrep.vendored-rules.javascript.lang.security.audit.sqli.node-postgres-sqli file: client/src/pages/map-view.tsx func: MapView:4279]
[0m[04.53][[33mWARNING[0m]: Fixpoint timeout while performing taint analysis [rule: config..semgrep.vendored-rules.javascript.lang.security.audit.unsafe-formatstring file: client/src/pages/map-view.tsx func: MapView:4279]
[0m[04.77][[33mWARNING[0m]: Fixpoint timeout while performing taint analysis [rule: config..semgrep.vendored-rules.javascript.lang.security.audit.detect-non-literal-require file: client/src/pages/map-view.tsx func: MapView:4279]
[0m[06.09][[33mWARNING[0m]: Fixpoint timeout while performing taint analysis [rule: config..semgrep.vendored-rules.javascript.lang.security.audit.unsafe-formatstring file: server/services/direct-airtable.ts func: directAddLead:25336]
[0m[07.17][[33mWARNING[0m]: Fixpoint timeout while performing taint analysis [rule: config..semgrep.vendored-rules.javascript.lang.security.audit.detect-non-literal-require file: server/routes/stripe-routes.ts func: ???]
[0m[07.32][[33mWARNING[0m]: Fixpoint timeout while performing taint analysis [rule: config..semgrep.vendored-rules.javascript.express.security.injection.tainted-sql-string file: server/routes/stripe-routes.ts func: ???]
[0m[07.47][[33mWARNING[0m]: Fixpoint timeout while performing taint analysis [rule: config..semgrep.vendored-rules.javascript.express.security.injection.raw-html-format file: server/routes/stripe-routes.ts func: ???]
[0m[07.56][[33mWARNING[0m]: Fixpoint timeout while performing taint analysis [rule: config..semgrep.vendored-rules.javascript.express.security.injection.raw-html-format file: server/routes/stripe-routes.ts func: ???]
[0m[07.80][[33mWARNING[0m]: Fixpoint timeout while performing taint analysis [rule: config..semgrep.vendored-rules.javascript.lang.security.audit.detect-non-literal-require file: client/src/components/quote-dialog.backup.tsx func: QuoteDialog:36635]
[0m[08.04][[33mWARNING[0m]: Fixpoint timeout while performing taint analysis [rule: config..semgrep.vendored-rules.javascript.lang.security.audit.detect-non-literal-fs-filename file: client/src/pages/map-view.tsx func: MapView:4279]
[0m[08.18][[33mWARNING[0m]: Fixpoint timeout while performing taint analysis [rule: config..semgrep.vendored-rules.javascript.express.security.audit.express-ssrf file: server/routes/stripe-routes.ts func: ???]
[0m[08.34][[33mWARNING[0m]: Fixpoint timeout while performing taint analysis [rule: config..semgrep.vendored-rules.javascript.express.security.injection.raw-html-format file: client/src/pages/auth-page.tsx func: AuthPage:45114]
[0m[08.59][[33mWARNING[0m]: Fixpoint timeout while performing taint analysis [rule: config..semgrep.vendored-rules.javascript.express.security.audit.express-open-redirect file: server/routes/stripe-routes.ts func: ???]
[0m[08.71][[33mWARNING[0m]: Fixpoint timeout while performing taint analysis [rule: config..semgrep.vendored-rules.javascript.express.security.audit.express-open-redirect file: server/routes/stripe-routes.ts func: ???]
[0m[08.96][[33mWARNING[0m]: Fixpoint timeout while performing taint analysis [rule: config..semgrep.vendored-rules.javascript.express.security.x-frame-options-misconfiguration file: server/routes/stripe-routes.ts func: ???]
[0m[09.08][[33mWARNING[0m]: Fixpoint timeout while performing taint analysis [rule: config..semgrep.vendored-rules.javascript.express.security.x-frame-options-misconfiguration file: server/routes/stripe-routes.ts func: ???]
[0m[09.31][[33mWARNING[0m]: Fixpoint timeout while performing taint analysis [rule: config..semgrep.vendored-rules.javascript.express.security.require-request file: server/routes/stripe-routes.ts func: ???]
[0m[09.50][[33mWARNING[0m]: Fixpoint timeout while performing taint analysis [rule: config..semgrep.vendored-rules.javascript.express.security.require-request file: server/routes/stripe-routes.ts func: ???]
[0m[09.61][[33mWARNING[0m]: Fixpoint timeout while performing taint analysis [rule: config..semgrep.vendored-rules.javascript.express.security.cors-misconfiguration file: server/routes/stripe-routes.ts func: ???]
[0m[09.68][[33mWARNING[0m]: Fixpoint timeout while performing taint analysis [rule: config..semgrep.vendored-rules.javascript.lang.security.detect-eval-with-expression file: client/src/pages/map-view.tsx func: MapView:4279]
[0m[09.69][[33mWARNING[0m]: Fixpoint timeout while performing taint analysis [rule: config..semgrep.vendored-rules.javascript.express.security.cors-misconfiguration file: server/routes/stripe-routes.ts func: ???]
[0m[09.71][[33mWARNING[0m]: Fixpoint timeout while performing taint analysis [rule: config..semgrep.vendored-rules.javascript.lang.security.audit.detect-non-literal-require file: server/auth.ts func: setupAuth:53794]
[0m[09.94][[33mWARNING[0m]: Fixpoint timeout while performing taint analysis [rule: config..semgrep.vendored-rules.javascript.express.security.injection.tainted-sql-string file: server/auth.ts func: setupAuth:53794]
[0m[10.24][[33mWARNING[0m]: Fixpoint timeout while performing taint analysis [rule: config..semgrep.vendored-rules.javascript.express.security.injection.raw-html-format file: server/auth.ts func: setupAuth:53794]
[0m[10.30][[33mWARNING[0m]: Fixpoint timeout while performing taint analysis [rule: config..semgrep.vendored-rules.javascript.express.security.injection.raw-html-format file: server/auth.ts func: setupAuth:53794]
[0m[10.47][[33mWARNING[0m]: Fixpoint timeout while performing taint analysis [rule: config..semgrep.vendored-rules.javascript.lang.security.audit.unsafe-formatstring file: client/src/components/quote-form.tsx func: QuoteForm:62526]
[0m[10.57][[33mWARNING[0m]: Fixpoint timeout while performing taint analysis [rule: config..semgrep.vendored-rules.javascript.express.security.injection.tainted-sql-string file: client/src/pages/map-view.tsx func: MapView:4279]
[0m[10.88][[33mWARNING[0m]: Fixpoint timeout while performing taint analysis [rule: config..semgrep.vendored-rules.javascript.express.security.audit.xss.direct-response-write file: server/auth.ts func: setupAuth:53794]
[0m[11.37][[33mWARNING[0m]: Fixpoint timeout while performing taint analysis [rule: config..semgrep.vendored-rules.javascript.express.security.audit.express-ssrf file: server/auth.ts func: setupAuth:53794]
[0m[11.49][[33mWARNING[0m]: Fixpoint timeout while performing taint analysis [rule: config..semgrep.vendored-rules.javascript.express.security.injection.raw-html-format file: client/src/pages/map-view.tsx func: MapView:4279]
[0m[11.52][[33mWARNING[0m]: Fixpoint timeout while performing taint analysis [rule: config..semgrep.vendored-rules.javascript.express.security.x-frame-options-misconfiguration file: server/auth.ts func: setupAuth:53794]
[0m[11.60][[33mWARNING[0m]: Fixpoint timeout while performing taint analysis [rule: config..semgrep.vendored-rules.javascript.express.security.x-frame-options-misconfiguration file: server/auth.ts func: setupAuth:53794]
[0m[11.79][[33mWARNING[0m]: Fixpoint timeout while performing taint analysis [rule: config..semgrep.vendored-rules.javascript.express.security.cors-misconfiguration file: client/src/pages/admin-dashboard.tsx func: AdminDashboard:68607]
[0m[12.12][[33mWARNING[0m]: Fixpoint timeout while performing taint analysis [rule: config..semgrep.vendored-rules.javascript.express.security.require-request file: server/auth.ts func: setupAuth:53794]
[0m[12.20][[33mWARNING[0m]: Fixpoint timeout while performing taint analysis [rule: config..semgrep.vendored-rules.javascript.express.security.require-request file: server/auth.ts func: setupAuth:53794]
[0m[12.58][[33mWARNING[0m]: Fixpoint timeout while performing taint analysis [rule: config..semgrep.vendored-rules.javascript.express.security.cors-misconfiguration file: server/auth.ts func: setupAuth:53794]
[0m[12.59][[33mWARNING[0m]: Fixpoint timeout while performing taint analysis [rule: config..semgrep.vendored-rules.javascript.lang.security.audit.sqli.node-postgres-sqli file: client/src/components/quote-dialog.tsx func: QuoteDialog:83231]
[0m[12.62][[33mWARNING[0m]: Fixpoint timeout while performing taint analysis [rule: config..semgrep.vendored-rules.javascript.express.security.cors-misconfiguration file: server/auth.ts func: setupAuth:53794]
[0m[12.67][[33mWARNING[0m]: Fixpoint timeout while performing taint analysis [rule: config..semgrep.vendored-rules.javascript.lang.security.audit.sqli.node-postgres-sqli file: client/src/components/quote-dialog.tsx func: QuoteDialog:83231]
[0m[12.68][[33mWARNING[0m]: Fixpoint timeout while performing taint analysis [rule: config..semgrep.vendored-rules.javascript.lang.security.audit.sqli.node-postgres-sqli file: client/src/components/quote-dialog.tsx func: QuoteDialog:83231]
[0m[12.94][[33mWARNING[0m]: Fixpoint timeout while performing taint analysis [rule: config..semgrep.vendored-rules.javascript.lang.security.audit.path-traversal.path-join-resolve-traversal file: client/src/components/quote-dialog.tsx func: QuoteDialog:83231]
[0m[12.98][[33mWARNING[0m]: Fixpoint timeout while performing taint analysis [rule: config..semgrep.vendored-rules.javascript.lang.security.audit.sqli.node-postgres-sqli file: client/src/components/invoice-dialog.tsx func: InvoiceDialog:85606]
[0m[12.98][[33mWARNING[0m]: Fixpoint timeout while performing taint analysis [rule: config..semgrep.vendored-rules.javascript.lang.security.audit.sqli.node-postgres-sqli file: client/src/components/invoice-dialog.tsx func: InvoiceDialog:85606]
[0m[13.04][[33mWARNING[0m]: Fixpoint timeout while performing taint analysis [rule: config..semgrep.vendored-rules.javascript.lang.security.audit.path-traversal.path-join-resolve-traversal file: client/src/components/quote-dialog.tsx func: QuoteDialog:83231]
[0m[13.06][[33mWARNING[0m]: Fixpoint timeout while performing taint analysis [rule: config..semgrep.vendored-rules.javascript.lang.security.audit.path-traversal.path-join-resolve-traversal file: client/src/components/quote-dialog.tsx func: QuoteDialog:83231]
[0m[13.25][[33mWARNING[0m]: Fixpoint timeout while performing taint analysis [rule: config..semgrep.vendored-rules.javascript.lang.security.audit.path-traversal.path-join-resolve-traversal file: client/src/components/invoice-dialog.tsx func: InvoiceDialog:85606]
[0m[13.25][[33mWARNING[0m]: Fixpoint timeout while performing taint analysis [rule: config..semgrep.vendored-rules.javascript.lang.security.audit.path-traversal.path-join-resolve-traversal file: client/src/components/invoice-dialog.tsx func: InvoiceDialog:85606]
[0m[13.45][[33mWARNING[0m]: Fixpoint timeout while performing taint analysis [rule: config..semgrep.vendored-rules.javascript.express.security.audit.xss.direct-response-write file: client/src/pages/map-view.tsx func: MapView:4279]
[0m[13.54][[33mWARNING[0m]: Fixpoint timeout while performing taint analysis [rule: config..semgrep.vendored-rules.javascript.lang.security.audit.unsafe-formatstring file: client/src/components/invoice-dialog.tsx func: InvoiceDialog:85606]
[0m[13.54][[33mWARNING[0m]: Fixpoint timeout while performing taint analysis [rule: config..semgrep.vendored-rules.javascript.lang.security.audit.unsafe-formatstring file: client/src/components/invoice-dialog.tsx func: InvoiceDialog:85606]
[0m[13.69][[33mWARNING[0m]: Fixpoint timeout while performing taint analysis [rule: config..semgrep.vendored-rules.javascript.lang.security.audit.detect-non-literal-require file: client/src/components/quote-dialog.tsx func: QuoteDialog:83231]
[0m[13.81][[33mWARNING[0m]: Fixpoint timeout while performing taint analysis [rule: config..semgrep.vendored-rules.javascript.lang.security.audit.detect-non-literal-require file: client/src/components/quote-dialog.tsx func: QuoteDialog:83231]
[0m[13.86][[33mWARNING[0m]: Fixpoint timeout while performing taint analysis [rule: config..semgrep.vendored-rules.javascript.lang.security.audit.detect-non-literal-require file: client/src/components/invoice-dialog.tsx func: InvoiceDialog:85606]
[0m[13.86][[33mWARNING[0m]: Fixpoint timeout while performing taint analysis [rule: config..semgrep.vendored-rules.javascript.lang.security.audit.detect-non-literal-require file: client/src/components/invoice-dialog.tsx func: InvoiceDialog:85606]
[0m[13.92][[33mWARNING[0m]: Fixpoint timeout while performing taint analysis [rule: config..semgrep.vendored-rules.javascript.lang.security.audit.detect-non-literal-require file: client/src/components/quote-dialog.tsx func: QuoteDialog:83231]
[0m[13.92][[33mWARNING[0m]: Fixpoint timeout while performing taint analysis [rule: config..semgrep.vendored-rules.javascript.express.security.audit.res-render-injection file: client/src/pages/map-view.tsx func: MapView:4279]
[0m[13.94][[33mWARNING[0m]: Fixpoint timeout while performing taint analysis [rule: config..semgrep.vendored-rules.javascript.lang.security.audit.detect-non-literal-require file: client/src/components/quote-dialog.tsx func: QuoteDialog:83231]
[0m[14.41][[33mWARNING[0m]: Fixpoint timeout while performing taint analysis [rule: config..semgrep.vendored-rules.javascript.lang.security.audit.path-traversal.path-join-resolve-traversal file: server/routes/supabase-routes.ts func: ???]
[0m[14.57][[33mWARNING[0m]: Fixpoint timeout while performing taint analysis [rule: config..semgrep.vendored-rules.javascript.lang.security.audit.detect-non-literal-require file: server/routes/supabase-routes.ts func: ???]
[0m[14.70][[33mWARNING[0m]: Fixpoint timeout while performing taint analysis [rule: config..semgrep.vendored-rules.javascript.lang.security.audit.detect-non-literal-fs-filename file: client/src/components/invoice-dialog.tsx func: InvoiceDialog:85606]
[0m[14.70][[33mWARNING[0m]: Fixpoint timeout while performing taint analysis [rule: config..semgrep.vendored-rules.javascript.lang.security.audit.detect-non-literal-fs-filename file: client/src/components/invoice-dialog.tsx func: InvoiceDialog:85606]
[0m[14.78][[33mWARNING[0m]: Fixpoint timeout while performing taint analysis [rule: config..semgrep.vendored-rules.javascript.lang.security.audit.detect-non-literal-fs-filename file: server/routes/supabase-routes.ts func: ???]
[0m[14.79][[33mWARNING[0m]: Fixpoint timeout while performing taint analysis [rule: config..semgrep.vendored-rules.javascript.express.security.audit.remote-property-injection file: client/src/pages/map-view.tsx func: MapView:4279]
[0m[15.02][[33mWARNING[0m]: Fixpoint timeout while performing taint analysis [rule: config..semgrep.vendored-rules.javascript.express.security.injection.raw-html-format file: server/routes/supabase-routes.ts func: ???]
[0m[15.10][[33mWARNING[0m]: Fixpoint timeout while performing taint analysis [rule: config..semgrep.vendored-rules.javascript.express.security.injection.raw-html-format file: server/routes/supabase-routes.ts func: ???]
[0m[15.18][[33mWARNING[0m]: Fixpoint timeout while performing taint analysis [rule: config..semgrep.vendored-rules.javascript.express.security.audit.express-path-join-resolve-traversal file: server/routes/supabase-routes.ts func: ???]
[0m[15.23][[33mWARNING[0m]: Fixpoint timeout while performing taint analysis [rule: config..semgrep.vendored-rules.javascript.express.security.audit.express-path-join-resolve-traversal file: server/routes/supabase-routes.ts func: ???]
[0m[15.31][[33mWARNING[0m]: Fixpoint timeout while performing taint analysis [rule: config..semgrep.vendored-rules.javascript.express.security.require-request file: server/routes/supabase-routes.ts func: ???]
[0m[15.39][[33mWARNING[0m]: Fixpoint timeout while performing taint analysis [rule: config..semgrep.vendored-rules.javascript.express.security.audit.remote-property-injection file: client/src/components/invoice-dialog.tsx func: InvoiceDialog:85606]
[0m[15.39][[33mWARNING[0m]: Fixpoint timeout while performing taint analysis [rule: config..semgrep.vendored-rules.javascript.express.security.require-request file: server/routes/supabase-routes.ts func: ???]
[0m[15.46][[33mWARNING[0m]: Fixpoint timeout while performing taint analysis [rule: config..semgrep.vendored-rules.javascript.express.security.express-data-exfiltration file: server/routes/supabase-routes.ts func: ???]
[0m[15.50][[33mWARNING[0m]: Fixpoint timeout while performing taint analysis [rule: config..semgrep.vendored-rules.javascript.express.security.express-data-exfiltration file: server/routes/supabase-routes.ts func: ???]
[0m[16.39][[33mWARNING[0m]: Fixpoint timeout while performing taint analysis [rule: config..semgrep.vendored-rules.javascript.express.security.injection.tainted-sql-string file: client/src/pages/profile-page.tsx func: ProfilePage:118938]
[0m[16.39][[33mWARNING[0m]: Fixpoint timeout while performing taint analysis [rule: config..semgrep.vendored-rules.javascript.express.security.audit.express-ssrf file: client/src/pages/map-view.tsx func: MapView:4279]
[0m[16.56][[33mWARNING[0m]: Fixpoint timeout while performing taint analysis [rule: config..semgrep.vendored-rules.javascript.browser.security.js-open-redirect-from-function file: client/src/components/invoice-dialog.tsx func: InvoiceDialog:85606]
[0m[16.56][[33mWARNING[0m]: Fixpoint timeout while performing taint analysis [rule: config..semgrep.vendored-rules.javascript.browser.security.js-open-redirect-from-function file: client/src/components/invoice-dialog.tsx func: InvoiceDialog:85606]
[0m[16.64][[33mWARNING[0m]: Fixpoint timeout while performing taint analysis [rule: config..semgrep.vendored-rules.javascript.express.security.audit.express-path-join-resolve-traversal file: client/src/pages/map-view.tsx func: MapView:4279]
[0m[16.81][[33mWARNING[0m]: Fixpoint timeout while performing taint analysis [rule: config..semgrep.vendored-rules.javascript.browser.security.raw-html-concat file: client/src/components/invoice-dialog.tsx func: InvoiceDialog:85606]
[0m[17.11][[33mWARNING[0m]: Fixpoint timeout while performing taint analysis [rule: config..semgrep.vendored-rules.javascript.express.security.x-frame-options-misconfiguration file: client/src/pages/profile-page.tsx func: ProfilePage:118938]
[0m[17.33][[33mWARNING[0m]: Fixpoint timeout while performing taint analysis [rule: config..semgrep.vendored-rules.javascript.express.security.require-request file: client/src/pages/profile-page.tsx func: ProfilePage:118938]
[0m[17.55][[33mWARNING[0m]: Fixpoint timeout while performing taint analysis [rule: config..semgrep.vendored-rules.javascript.express.security.cors-misconfiguration file: client/src/pages/profile-page.tsx func: ProfilePage:118938]
[0m[19.08][[33mWARNING[0m]: Fixpoint timeout while performing taint analysis [rule: config..semgrep.vendored-rules.javascript.browser.security.js-open-redirect-from-function file: client/src/pages/map-view.tsx func: MapView:4279]
[0m[21.57][[34mINFO[0m]: Custom ignore pattern: None
[21.57][[34mINFO[0m]: Custom ignore pattern: None
--- end semgrep-core stderr ---
2025-05-25 14:38:15,056 - semgrep.rule_match - DEBUG - match_key = ('', PosixPath('client/index.html'), 'config..semgrep.vendored-rules.html.security.audit.missing-integrity') match_id = 0ee74fd49637bebe183eca7188dbde26e386314e62cc2e7ba1ee60b377b638243fcd84e6c6fa04886198ccacfa6a711bfbcc61a28f9ddc913d5b3c53083cbc90_0
2025-05-25 14:38:15,057 - semgrep.rule_match - DEBUG - match_key = (' src="https://cdnjs.cloudflare.com/ajax/libs/html2canvas/1.4.1/html2canvas.min.js" (?is).*integrity= (google-analytics\\.com|fonts\\.googleapis\\.com|fonts\\.gstatic\\.com|googletagmanager\\.com) .*rel\\s*=\\s*[\'"]?preconnect.* href="... :// ..." href="//..." href=\'... :// ...\' href=\'//...\' src="... :// ..." src="//..." src=\'... :// ...\' src=\'//...\' <link  src="https://cdnjs.cloudflare.com/ajax/libs/html2canvas/1.4.1/html2canvas.min.js" > <script  src="https://cdnjs.cloudflare.com/ajax/libs/html2canvas/1.4.1/html2canvas.min.js" >...</script>', PosixPath('client/index.html'), 'config..semgrep.vendored-rules.html.security.audit.missing-integrity') match_id = 19b267a28e023f8b11d6c148386b97a5c5902cb93d185f87cd19efb9dab587840891c281bb87566e754bcb60e5d170589f54edce8618a3f5e6c4a5ea9e610e68_0
2025-05-25 14:38:15,058 - semgrep.rule_match - DEBUG - match_key = (' src="https://cdnjs.cloudflare.com/ajax/libs/html2canvas/1.4.1/html2canvas.min.js" (?is).*integrity= (google-analytics\\.com|fonts\\.googleapis\\.com|fonts\\.gstatic\\.com|googletagmanager\\.com) .*rel\\s*=\\s*[\'"]?preconnect.* href="... :// ..." href="//..." href=\'... :// ...\' href=\'//...\' src="... :// ..." src="//..." src=\'... :// ...\' src=\'//...\' <link  src="https://cdnjs.cloudflare.com/ajax/libs/html2canvas/1.4.1/html2canvas.min.js" > <script  src="https://cdnjs.cloudflare.com/ajax/libs/html2canvas/1.4.1/html2canvas.min.js" >...</script>', PosixPath('client/index.html'), 'config..semgrep.vendored-rules.html.security.audit.missing-integrity') match_id = 19b267a28e023f8b11d6c148386b97a5c5902cb93d185f87cd19efb9dab587840891c281bb87566e754bcb60e5d170589f54edce8618a3f5e6c4a5ea9e610e68_0
2025-05-25 14:38:15,058 - semgrep.rule_match - DEBUG - match_key = (' src="https://cdnjs.cloudflare.com/ajax/libs/html2canvas/1.4.1/html2canvas.min.js" (?is).*integrity= (google-analytics\\.com|fonts\\.googleapis\\.com|fonts\\.gstatic\\.com|googletagmanager\\.com) .*rel\\s*=\\s*[\'"]?preconnect.* href="... :// ..." href="//..." href=\'... :// ...\' href=\'//...\' src="... :// ..." src="//..." src=\'... :// ...\' src=\'//...\' <link  src="https://cdnjs.cloudflare.com/ajax/libs/html2canvas/1.4.1/html2canvas.min.js" > <script  src="https://cdnjs.cloudflare.com/ajax/libs/html2canvas/1.4.1/html2canvas.min.js" >...</script>', PosixPath('client/index.html'), 'config..semgrep.vendored-rules.html.security.audit.missing-integrity') match_id = 19b267a28e023f8b11d6c148386b97a5c5902cb93d185f87cd19efb9dab587840891c281bb87566e754bcb60e5d170589f54edce8618a3f5e6c4a5ea9e610e68_0
2025-05-25 14:38:15,059 - semgrep.rule_match - DEBUG - match_key = ('', PosixPath('client/src/components/header.tsx'), 'config..semgrep.vendored-rules.javascript.browser.security.js-open-redirect-from-function') match_id = 3d3a133f7efac2d5f7f3868286526ac3aa2797a1bf1ba1edcf3e33de5d2753eddf7baabe12c3ffca31b84321abc797a71b8a7368a6477e222b5a370c32521ea3_0
2025-05-25 14:38:15,059 - semgrep.rule_match - DEBUG - match_key = ('"..." + $VALUE\n `...${$VALUE}`\n destination destination location.href = destination location.replace(destination) this.location.href = destination this.location.replace(destination) this.window.location.href = destination this.window.location.replace(destination) window.location.href = destination window.location.replace(destination) destination function ... (..., destination, ...) { ... }\n', PosixPath('client/src/components/header.tsx'), 'config..semgrep.vendored-rules.javascript.browser.security.js-open-redirect-from-function') match_id = f8c79558a6fe4b3a7ea2f266db09a74dc39823c13bf145a4227a67ddcee74ece2f139cd3a9075c8f4475da5e399493905f0956f551fe069f8aade96e1163f36f_0
2025-05-25 14:38:15,060 - semgrep.rule_match - DEBUG - match_key = ('"..." + $VALUE\n `...${$VALUE}`\n destination destination location.href = destination location.replace(destination) this.location.href = destination this.location.replace(destination) this.window.location.href = destination this.window.location.replace(destination) window.location.href = destination window.location.replace(destination) destination function ... (..., destination, ...) { ... }\n', PosixPath('client/src/components/header.tsx'), 'config..semgrep.vendored-rules.javascript.browser.security.js-open-redirect-from-function') match_id = f8c79558a6fe4b3a7ea2f266db09a74dc39823c13bf145a4227a67ddcee74ece2f139cd3a9075c8f4475da5e399493905f0956f551fe069f8aade96e1163f36f_0
2025-05-25 14:38:15,060 - semgrep.rule_match - DEBUG - match_key = ('"..." + $VALUE\n `...${$VALUE}`\n destination destination location.href = destination location.replace(destination) this.location.href = destination this.location.replace(destination) this.window.location.href = destination this.window.location.replace(destination) window.location.href = destination window.location.replace(destination) destination function ... (..., destination, ...) { ... }\n', PosixPath('client/src/components/header.tsx'), 'config..semgrep.vendored-rules.javascript.browser.security.js-open-redirect-from-function') match_id = f8c79558a6fe4b3a7ea2f266db09a74dc39823c13bf145a4227a67ddcee74ece2f139cd3a9075c8f4475da5e399493905f0956f551fe069f8aade96e1163f36f_0
2025-05-25 14:38:15,061 - semgrep.rule_match - DEBUG - match_key = ('', PosixPath('client/src/pages/map-view.tsx'), 'config..semgrep.vendored-rules.javascript.lang.security.audit.unsafe-dynamic-method') match_id = 775da0763c30e1e4599def19fd7b28acf9f266cfcfd0395cd6806dde873bc740b957a52065328b0cd58891cec38d5a648f053406cb3e5ef25638d34ca7e02bd0_0
2025-05-25 14:38:15,061 - semgrep.rule_match - DEBUG - match_key = ('"..."\n (callbackName: float)\n callbackName window[callbackName](...) originalCallback = window[callbackName]\n...\noriginalCallback(...)\n $SMTH.forEach(...)\n $SMTH.map(...)\n $SMTH.reduce(...)\n $SMTH.reduceRight(...)\n for (...) {...}\n if (<... window.hasOwnProperty(...) ...>) {\n  ...\n}\n...\n', PosixPath('client/src/pages/map-view.tsx'), 'config..semgrep.vendored-rules.javascript.lang.security.audit.unsafe-dynamic-method') match_id = 51d03865d445e46de61f0e17461192bdad6f065a6e96294759af34e6b3a2dc03868f5437052d76a7cf6e58afea97107fd9d1982f0c90885f01205e0b6ddf5db7_0
2025-05-25 14:38:15,062 - semgrep.rule_match - DEBUG - match_key = ('"..."\n (callbackName: float)\n callbackName window[callbackName](...) originalCallback = window[callbackName]\n...\noriginalCallback(...)\n $SMTH.forEach(...)\n $SMTH.map(...)\n $SMTH.reduce(...)\n $SMTH.reduceRight(...)\n for (...) {...}\n if (<... window.hasOwnProperty(...) ...>) {\n  ...\n}\n...\n', PosixPath('client/src/pages/map-view.tsx'), 'config..semgrep.vendored-rules.javascript.lang.security.audit.unsafe-dynamic-method') match_id = 51d03865d445e46de61f0e17461192bdad6f065a6e96294759af34e6b3a2dc03868f5437052d76a7cf6e58afea97107fd9d1982f0c90885f01205e0b6ddf5db7_0
2025-05-25 14:38:15,063 - semgrep.rule_match - DEBUG - match_key = ('"..."\n (callbackName: float)\n callbackName window[callbackName](...) originalCallback = window[callbackName]\n...\noriginalCallback(...)\n $SMTH.forEach(...)\n $SMTH.map(...)\n $SMTH.reduce(...)\n $SMTH.reduceRight(...)\n for (...) {...}\n if (<... window.hasOwnProperty(...) ...>) {\n  ...\n}\n...\n', PosixPath('client/src/pages/map-view.tsx'), 'config..semgrep.vendored-rules.javascript.lang.security.audit.unsafe-dynamic-method') match_id = 51d03865d445e46de61f0e17461192bdad6f065a6e96294759af34e6b3a2dc03868f5437052d76a7cf6e58afea97107fd9d1982f0c90885f01205e0b6ddf5db7_0
2025-05-25 14:38:15,064 - semgrep.rule_match - DEBUG - match_key = ('', PosixPath('client/src/utils/supabase-client.ts'), 'config..semgrep.vendored-rules.javascript.lang.security.audit.unsafe-formatstring') match_id = 800866550f7529608ea6006ace1e770d832375a5407f2a91b402b08b5ae411e457b65911a05f8d3a4f033b7f1c0e449a9db50b0186f4985c777e3575c99b1d3c_0
2025-05-25 14:38:15,064 - semgrep.rule_match - DEBUG - match_key = ('"..." + "..."\n $X + $Y $X.concat($Y) `...${...}...`\n $X.concat("...")\n `Error creating bucket bucketName: $UTIL = require(\'util\')\n...\n $UTIL.format(`Error creating bucket bucketName:,error,...)\n console.error(`Error creating bucket bucketName:,error,...)\n', PosixPath('client/src/utils/supabase-client.ts'), 'config..semgrep.vendored-rules.javascript.lang.security.audit.unsafe-formatstring') match_id = a1b0f45da0e562a257d15785d8e4958c92deb6377553a4addb50594c8808f43f47b329475d75302e9ff42be42ed33ccd9261314aa4bd2e1ddd5d4f8b8877c607_0
2025-05-25 14:38:15,065 - semgrep.rule_match - DEBUG - match_key = ('"..." + "..."\n $X + $Y $X.concat($Y) `...${...}...`\n $X.concat("...")\n `Error creating bucket bucketName: $UTIL = require(\'util\')\n...\n $UTIL.format(`Error creating bucket bucketName:,error,...)\n console.error(`Error creating bucket bucketName:,error,...)\n', PosixPath('client/src/utils/supabase-client.ts'), 'config..semgrep.vendored-rules.javascript.lang.security.audit.unsafe-formatstring') match_id = a1b0f45da0e562a257d15785d8e4958c92deb6377553a4addb50594c8808f43f47b329475d75302e9ff42be42ed33ccd9261314aa4bd2e1ddd5d4f8b8877c607_0
2025-05-25 14:38:15,065 - semgrep.rule_match - DEBUG - match_key = ('"..." + "..."\n $X + $Y $X.concat($Y) `...${...}...`\n $X.concat("...")\n `Error creating bucket bucketName: $UTIL = require(\'util\')\n...\n $UTIL.format(`Error creating bucket bucketName:,error,...)\n console.error(`Error creating bucket bucketName:,error,...)\n', PosixPath('client/src/utils/supabase-client.ts'), 'config..semgrep.vendored-rules.javascript.lang.security.audit.unsafe-formatstring') match_id = a1b0f45da0e562a257d15785d8e4958c92deb6377553a4addb50594c8808f43f47b329475d75302e9ff42be42ed33ccd9261314aa4bd2e1ddd5d4f8b8877c607_0
2025-05-25 14:38:15,066 - semgrep.rule_match - DEBUG - match_key = ('', PosixPath('server/routes.ts'), 'config..semgrep.vendored-rules.javascript.lang.security.audit.unsafe-formatstring') match_id = e24e3288a32c9ad4921da20b227a0587a0596856ea79e7c29c73137fde834094f382cf9604ac765ec32471f83cf1196712bec140c3a2b18c933a6c2a040a826f_0
2025-05-25 14:38:15,067 - semgrep.rule_match - DEBUG - match_key = ('"..." + "..."\n $X + $Y $X.concat($Y) `...${...}...`\n $X.concat("...")\n `Format authHeader.format failed: $UTIL = require(\'util\')\n...\n $UTIL.format(`Format authHeader.format failed:,err.response?.?.data||err.message,...)\n console.error(`Format authHeader.format failed:,err.response?.?.data||err.message,...)\n', PosixPath('server/routes.ts'), 'config..semgrep.vendored-rules.javascript.lang.security.audit.unsafe-formatstring') match_id = 24ff04d291c530344aee64a908f5d37f19a0cfc087066fc8e4c6cea68e950e68b07b58e1f02a2566205611b1e0d19383b6eda0e5c680e0f7596125370b42eefc_0
2025-05-25 14:38:15,067 - semgrep.rule_match - DEBUG - match_key = ('"..." + "..."\n $X + $Y $X.concat($Y) `...${...}...`\n $X.concat("...")\n `Format authHeader.format failed: $UTIL = require(\'util\')\n...\n $UTIL.format(`Format authHeader.format failed:,err.response?.?.data||err.message,...)\n console.error(`Format authHeader.format failed:,err.response?.?.data||err.message,...)\n', PosixPath('server/routes.ts'), 'config..semgrep.vendored-rules.javascript.lang.security.audit.unsafe-formatstring') match_id = 24ff04d291c530344aee64a908f5d37f19a0cfc087066fc8e4c6cea68e950e68b07b58e1f02a2566205611b1e0d19383b6eda0e5c680e0f7596125370b42eefc_0
2025-05-25 14:38:15,068 - semgrep.rule_match - DEBUG - match_key = ('"..." + "..."\n $X + $Y $X.concat($Y) `...${...}...`\n $X.concat("...")\n `Format authHeader.format failed: $UTIL = require(\'util\')\n...\n $UTIL.format(`Format authHeader.format failed:,err.response?.?.data||err.message,...)\n console.error(`Format authHeader.format failed:,err.response?.?.data||err.message,...)\n', PosixPath('server/routes.ts'), 'config..semgrep.vendored-rules.javascript.lang.security.audit.unsafe-formatstring') match_id = 24ff04d291c530344aee64a908f5d37f19a0cfc087066fc8e4c6cea68e950e68b07b58e1f02a2566205611b1e0d19383b6eda0e5c680e0f7596125370b42eefc_0
2025-05-25 14:38:15,069 - semgrep.rule_match - DEBUG - match_key = ('', PosixPath('server/routes/supabase-routes.ts'), 'config..semgrep.vendored-rules.javascript.express.security.audit.express-path-join-resolve-traversal') match_id = 1e83540b0d25ca9187747215f63458d3f70ba568b3422c932fd1b1e48185aab80927d2d75ad9fdf80f16d9439a4531f63e592fa5f4a550df8bfa850804724fc7_0
2025-05-25 14:38:15,070 - semgrep.rule_match - DEBUG - match_key = ("router.post(..., function $FUNC(req, res) {...}) router.post(..., function $FUNC(req, res, $NEXT) {...}) post ^(get|post|put|head|delete|options)$ function ... (req, res) {...} function ... (req, res, $NEXT) {...} req.body req.cookies req.headers req.params req.query req ({ req }: Request,res: Response) => {...}\n ({ req }: Request,res: Response, $NEXT: NextFunction) =>\n{...}\n body cookies headers params query path = require('path');\n...\n import path from 'path';\n...\n path.join(...,`quoteData.processedImageId.jpg,...) path.resolve(...,`quoteData.processedImageId.jpg,...) `quoteData.processedImageId.jpg `quoteData.processedImageId.jpg import 'path';\n...\n path.join(...,`quoteData.processedImageId.jpg,...) path.resolve(...,`quoteData.processedImageId.jpg,...)", PosixPath('server/routes/supabase-routes.ts'), 'config..semgrep.vendored-rules.javascript.express.security.audit.express-path-join-resolve-traversal') match_id = 7112607a6d57d8de032cbbee8a84f99d447b3824b4ee93e3c8698ffe213ba96c834cc7293c06222f8ec3d2f40baf2f506157aea13d85edd43c518ee67b44c7d1_0
2025-05-25 14:38:15,071 - semgrep.rule_match - DEBUG - match_key = ("router.post(..., function $FUNC(req, res) {...}) router.post(..., function $FUNC(req, res, $NEXT) {...}) post ^(get|post|put|head|delete|options)$ function ... (req, res) {...} function ... (req, res, $NEXT) {...} req.body req.cookies req.headers req.params req.query req ({ req }: Request,res: Response) => {...}\n ({ req }: Request,res: Response, $NEXT: NextFunction) =>\n{...}\n body cookies headers params query path = require('path');\n...\n import path from 'path';\n...\n path.join(...,`quoteData.processedImageId.jpg,...) path.resolve(...,`quoteData.processedImageId.jpg,...) `quoteData.processedImageId.jpg `quoteData.processedImageId.jpg import 'path';\n...\n path.join(...,`quoteData.processedImageId.jpg,...) path.resolve(...,`quoteData.processedImageId.jpg,...)", PosixPath('server/routes/supabase-routes.ts'), 'config..semgrep.vendored-rules.javascript.express.security.audit.express-path-join-resolve-traversal') match_id = 7112607a6d57d8de032cbbee8a84f99d447b3824b4ee93e3c8698ffe213ba96c834cc7293c06222f8ec3d2f40baf2f506157aea13d85edd43c518ee67b44c7d1_0
2025-05-25 14:38:15,071 - semgrep.rule_match - DEBUG - match_key = ("router.post(..., function $FUNC(req, res) {...}) router.post(..., function $FUNC(req, res, $NEXT) {...}) post ^(get|post|put|head|delete|options)$ function ... (req, res) {...} function ... (req, res, $NEXT) {...} req.body req.cookies req.headers req.params req.query req ({ req }: Request,res: Response) => {...}\n ({ req }: Request,res: Response, $NEXT: NextFunction) =>\n{...}\n body cookies headers params query path = require('path');\n...\n import path from 'path';\n...\n path.join(...,`quoteData.processedImageId.jpg,...) path.resolve(...,`quoteData.processedImageId.jpg,...) `quoteData.processedImageId.jpg `quoteData.processedImageId.jpg import 'path';\n...\n path.join(...,`quoteData.processedImageId.jpg,...) path.resolve(...,`quoteData.processedImageId.jpg,...)", PosixPath('server/routes/supabase-routes.ts'), 'config..semgrep.vendored-rules.javascript.express.security.audit.express-path-join-resolve-traversal') match_id = 7112607a6d57d8de032cbbee8a84f99d447b3824b4ee93e3c8698ffe213ba96c834cc7293c06222f8ec3d2f40baf2f506157aea13d85edd43c518ee67b44c7d1_0
2025-05-25 14:38:15,072 - semgrep.rule_match - DEBUG - match_key = ('', PosixPath('server/routes/supabase-routes.ts'), 'config..semgrep.vendored-rules.javascript.lang.security.audit.path-traversal.path-join-resolve-traversal') match_id = a7961fdcf8043a7cf00057d1183e5d0f04a436c5a5e28c5b4410069a7699f358969e4444f4504798f8943d0fb9d5b1b1be18d26f6625dcfc2ce4323661e85182_0
2025-05-25 14:38:15,073 - semgrep.rule_match - DEBUG - match_key = ("path = require('path');\n...\n import path from 'path';\n...\n path.join(...,`quoteData.processedImageId.jpg,...) path.resolve(...,`quoteData.processedImageId.jpg,...) `quoteData.processedImageId.jpg `quoteData.processedImageId.jpg import 'path';\n...\n path.join(...,`quoteData.processedImageId.jpg,...) path.resolve(...,`quoteData.processedImageId.jpg,...) req function ... (...,req,...) {...}\n function ... (...,{...,req,...},...) {...}\n", PosixPath('server/routes/supabase-routes.ts'), 'config..semgrep.vendored-rules.javascript.lang.security.audit.path-traversal.path-join-resolve-traversal') match_id = 23c7c151cde5343ef691b993af1c1166757c6a4345c972de9c7fe6fd1f5e39c0c31456404935c3db7ef881dff80d7a3c3694241c8d10caac6910813f04892533_0
2025-05-25 14:38:15,074 - semgrep.rule_match - DEBUG - match_key = ("path = require('path');\n...\n import path from 'path';\n...\n path.join(...,`quoteData.processedImageId.jpg,...) path.resolve(...,`quoteData.processedImageId.jpg,...) `quoteData.processedImageId.jpg `quoteData.processedImageId.jpg import 'path';\n...\n path.join(...,`quoteData.processedImageId.jpg,...) path.resolve(...,`quoteData.processedImageId.jpg,...) req function ... (...,req,...) {...}\n function ... (...,{...,req,...},...) {...}\n", PosixPath('server/routes/supabase-routes.ts'), 'config..semgrep.vendored-rules.javascript.lang.security.audit.path-traversal.path-join-resolve-traversal') match_id = 23c7c151cde5343ef691b993af1c1166757c6a4345c972de9c7fe6fd1f5e39c0c31456404935c3db7ef881dff80d7a3c3694241c8d10caac6910813f04892533_0
2025-05-25 14:38:15,074 - semgrep.rule_match - DEBUG - match_key = ("path = require('path');\n...\n import path from 'path';\n...\n path.join(...,`quoteData.processedImageId.jpg,...) path.resolve(...,`quoteData.processedImageId.jpg,...) `quoteData.processedImageId.jpg `quoteData.processedImageId.jpg import 'path';\n...\n path.join(...,`quoteData.processedImageId.jpg,...) path.resolve(...,`quoteData.processedImageId.jpg,...) req function ... (...,req,...) {...}\n function ... (...,{...,req,...},...) {...}\n", PosixPath('server/routes/supabase-routes.ts'), 'config..semgrep.vendored-rules.javascript.lang.security.audit.path-traversal.path-join-resolve-traversal') match_id = 23c7c151cde5343ef691b993af1c1166757c6a4345c972de9c7fe6fd1f5e39c0c31456404935c3db7ef881dff80d7a3c3694241c8d10caac6910813f04892533_0
2025-05-25 14:38:15,075 - semgrep.rule_match - DEBUG - match_key = ('', PosixPath('server/routes/supabase-routes.ts'), 'config..semgrep.vendored-rules.javascript.lang.security.audit.detect-non-literal-fs-filename') match_id = 4e7e746ea7f5d4450e892e75e41b96a515e95364d8698a6c1ccd24f97e248bf9254905806ea5f939a5fd3bca8144f374bb403748e925dbc43268c74e56bc3e27_0
2025-05-25 14:38:15,076 - semgrep.rule_match - DEBUG - match_key = ('req function ... (..., req,...) {...} processedImagePath fs = require(\'fs\')\n...\n fs = require(\'fs/promises\')\n...\n import fs from \'fs\'\n...\n import fs from \'fs/promises\'\n...\n import * as fs from \'fs\'\n...\n import * as fs from \'fs/promises\'\n...\n fs. ... .$METHOD("...", ...) fs. ... .access(processedImagePath,...) fs. ... .accessSync(processedImagePath, ...) fs. ... .appendFile(processedImagePath,...) fs. ... .appendFileSync(processedImagePath, ...) fs. ... .chmod(processedImagePath,...) fs. ... .chmodSync(processedImagePath, ...) fs. ... .chown(processedImagePath,...) fs. ... .chownSync(processedImagePath, ...) fs. ... .close(processedImagePath,...) fs. ... .closeSync(processedImagePath, ...) fs. ... .copyFile(processedImagePath,...) fs. ... .copyFile($SMTH, processedImagePath,...) fs. ... .copyFileSync(processedImagePath, ...) fs. ... .copyFileSync($SMTH, processedImagePath, ...) fs. ... .cp(processedImagePath, ...) fs. ... .cp($SMTH, processedImagePath, ...) fs. ... .cpSync(processedImagePath, ...) fs. ... .cpSync($SMTH, processedImagePath, ...) fs. ... .createReadStream(processedImagePath,...) fs. ... .createWriteStream(processedImagePath,...) fs. ... .exists(processedImagePath, ...) fs. ... .existsSync(processedImagePath, ...) fs. ... .fchmod(processedImagePath, ...) fs. ... .fchmodSync(processedImagePath, ...) fs. ... .fchown(processedImagePath, ...) fs. ... .fchownSync(processedImagePath, ...) fs. ... .fdatasync(processedImagePath, ...) fs. ... .fdatasyncSync(processedImagePath, ...) fs. ... .fstat(processedImagePath, ...) fs. ... .fstatSync(processedImagePath, ...) fs. ... .fsync(processedImagePath, ...) fs. ... .fsyncSync(processedImagePath, ...) fs. ... .ftruncate(processedImagePath, ...) fs. ... .ftruncateSync(processedImagePath, ...) fs. ... .futimes(processedImagePath, ...) fs. ... .futimesSync(processedImagePath, ...) fs. ... .lchmod(processedImagePath, ...) fs. ... .lchmodSync(processedImagePath, ...) fs. ... .lchown(processedImagePath, ...) fs. ... .lchownSync(processedImagePath, ...) fs. ... .link(processedImagePath, ...) fs. ... .link($SMTH, processedImagePath, ...) fs. ... .linkSync(processedImagePath, ...) fs. ... .linkSync($SMTH, processedImagePath, ...) fs. ... .lstat(processedImagePath, ...) fs. ... .lstatSync(processedImagePath, ...) fs. ... .lutimes(processedImagePath, ...) fs. ... .lutimesSync(processedImagePath, ...) fs. ... .mkdir(processedImagePath, ...) fs. ... .mkdirSync(processedImagePath, ...) fs. ... .mkdtemp(processedImagePath, ...) fs. ... .mkdtempSync(processedImagePath, ...) fs. ... .open(processedImagePath, ...) fs. ... .openSync(processedImagePath, ...) fs. ... .opendir(processedImagePath, ...) fs. ... .opendirSync(processedImagePath, ...) fs. ... .read(processedImagePath, ...) fs. ... .read(processedImagePath, ...) fs. ... .readFile(processedImagePath, ...) fs. ... .readFileSync(processedImagePath, ...) fs. ... .readSync(processedImagePath, ...) fs. ... .readSync(processedImagePath, ...) fs. ... .readdir(processedImagePath, ...) fs. ... .readdirSync(processedImagePath, ...) fs. ... .readlink(processedImagePath, ...) fs. ... .readlinkSync(processedImagePath, ...) fs. ... .readv(processedImagePath, ...) fs. ... .readvSync(processedImagePath, ...) fs. ... .realpath(processedImagePath, ...) fs. ... .realpath.native(processedImagePath, ...) fs. ... .realpathSync.native(processedImagePath, ...) fs. ... .realpathync(processedImagePath, ...) fs. ... .rename(processedImagePath, ...) fs. ... .rename($SMTH, processedImagePath, ...) fs. ... .renameSync(processedImagePath, ...) fs. ... .renameSync($SMTH, processedImagePath, ...) fs. ... .rm(processedImagePath, ...) fs. ... .rmSync(processedImagePath, ...) fs. ... .rmdir(processedImagePath, ...) fs. ... .rmdirSync(processedImagePath, ...) fs. ... .stat(processedImagePath, ...) fs. ... .statSync(processedImagePath, ...) fs. ... .symlink(processedImagePath, ...) fs. ... .symlink($SMTH, processedImagePath, ...) fs. ... .symlinkSync(processedImagePath, ...) fs. ... .symlinkSync($SMTH, processedImagePath, ...) fs. ... .truncate(processedImagePath, ...) fs. ... .truncateSync(processedImagePath, ...) fs. ... .unlink(processedImagePath, ...) fs. ... .unlinkSync(processedImagePath, ...) fs. ... .unwatchFile(processedImagePath, ...) fs. ... .utimes(processedImagePath, ...) fs. ... .utimesSync(processedImagePath, ...) fs. ... .watch(processedImagePath, ...) fs. ... .watchFile(processedImagePath, ...) fs. ... .write(processedImagePath, ...) fs. ... .writeFile(processedImagePath, ...) fs. ... .writeFileSync(processedImagePath, ...) fs. ... .writeSync(processedImagePath, ...) fs. ... .writev(processedImagePath, ...) fs. ... .writevSync(processedImagePath, ...) processedImagePath $METHOD("...", ...) access(processedImagePath,...) accessSync(processedImagePath, ...) appendFile(processedImagePath,...) appendFileSync(processedImagePath, ...) chmod(processedImagePath,...) chmodSync(processedImagePath, ...) chown(processedImagePath,...) chownSync(processedImagePath, ...) close(processedImagePath,...) closeSync(processedImagePath, ...) copyFile(processedImagePath,...) copyFile($SMTH, processedImagePath,...) copyFileSync(processedImagePath, ...) copyFileSync($SMTH, processedImagePath, ...) cp(processedImagePath, ...) cp($SMTH, processedImagePath, ...) cpSync(processedImagePath, ...) cpSync($SMTH, processedImagePath, ...) createReadStream(processedImagePath,...) createWriteStream(processedImagePath,...) exists(processedImagePath, ...) existsSync(processedImagePath, ...) fchmod(processedImagePath, ...) fchmodSync(processedImagePath, ...) fchown(processedImagePath, ...) fchownSync(processedImagePath, ...) fdatasync(processedImagePath, ...) fdatasyncSync(processedImagePath, ...) fstat(processedImagePath, ...) fstatSync(processedImagePath, ...) fsync(processedImagePath, ...) fsyncSync(processedImagePath, ...) ftruncate(processedImagePath, ...) ftruncateSync(processedImagePath, ...) futimes(processedImagePath, ...) futimesSync(processedImagePath, ...) lchmod(processedImagePath, ...) lchmodSync(processedImagePath, ...) lchown(processedImagePath, ...) lchownSync(processedImagePath, ...) link(processedImagePath, ...) link($SMTH, processedImagePath, ...) linkSync(processedImagePath, ...) linkSync($SMTH, processedImagePath, ...) lstat(processedImagePath, ...) lstatSync(processedImagePath, ...) lutimes(processedImagePath, ...) lutimesSync(processedImagePath, ...) mkdir(processedImagePath, ...) mkdirSync(processedImagePath, ...) mkdtemp(processedImagePath, ...) mkdtempSync(processedImagePath, ...) open(processedImagePath, ...) openSync(processedImagePath, ...) opendir(processedImagePath, ...) opendirSync(processedImagePath, ...) read(processedImagePath, ...) read(processedImagePath, ...) readFile(processedImagePath, ...) readFileSync(processedImagePath, ...) readSync(processedImagePath, ...) readSync(processedImagePath, ...) readdir(processedImagePath, ...) readdirSync(processedImagePath, ...) readlink(processedImagePath, ...) readlinkSync(processedImagePath, ...) readv(processedImagePath, ...) readvSync(processedImagePath, ...) realpath(processedImagePath, ...) realpath.native(processedImagePath, ...) realpathSync.native(processedImagePath, ...) realpathync(processedImagePath, ...) rename(processedImagePath, ...) rename($SMTH, processedImagePath, ...) renameSync(processedImagePath, ...) renameSync($SMTH, processedImagePath, ...) rm(processedImagePath, ...) rmSync(processedImagePath, ...) rmdir(processedImagePath, ...) rmdirSync(processedImagePath, ...) stat(processedImagePath, ...) statSync(processedImagePath, ...) symlink(processedImagePath, ...) symlink($SMTH, processedImagePath, ...) symlinkSync(processedImagePath, ...) symlinkSync($SMTH, processedImagePath, ...) truncate(processedImagePath, ...) truncateSync(processedImagePath, ...) unlink(processedImagePath, ...) unlinkSync(processedImagePath, ...) unwatchFile(processedImagePath, ...) utimes(processedImagePath, ...) utimesSync(processedImagePath, ...) watch(processedImagePath, ...) watchFile(processedImagePath, ...) write(processedImagePath, ...) writeFile(processedImagePath, ...) writeFileSync(processedImagePath, ...) writeSync(processedImagePath, ...) writev(processedImagePath, ...) writevSync(processedImagePath, ...) import \'fs\'\n...\n import \'fs/promises\'\n...\n', PosixPath('server/routes/supabase-routes.ts'), 'config..semgrep.vendored-rules.javascript.lang.security.audit.detect-non-literal-fs-filename') match_id = a04215d321486b6460a6ffc5442d4b919ee2e691daa9b2de40a39c0d6aceb143bf0656c8d8364f5b3a597478d14a8ffc345add35d3c7424b684ff665397d4af6_0
2025-05-25 14:38:15,077 - semgrep.rule_match - DEBUG - match_key = ('req function ... (..., req,...) {...} processedImagePath fs = require(\'fs\')\n...\n fs = require(\'fs/promises\')\n...\n import fs from \'fs\'\n...\n import fs from \'fs/promises\'\n...\n import * as fs from \'fs\'\n...\n import * as fs from \'fs/promises\'\n...\n fs. ... .$METHOD("...", ...) fs. ... .access(processedImagePath,...) fs. ... .accessSync(processedImagePath, ...) fs. ... .appendFile(processedImagePath,...) fs. ... .appendFileSync(processedImagePath, ...) fs. ... .chmod(processedImagePath,...) fs. ... .chmodSync(processedImagePath, ...) fs. ... .chown(processedImagePath,...) fs. ... .chownSync(processedImagePath, ...) fs. ... .close(processedImagePath,...) fs. ... .closeSync(processedImagePath, ...) fs. ... .copyFile(processedImagePath,...) fs. ... .copyFile($SMTH, processedImagePath,...) fs. ... .copyFileSync(processedImagePath, ...) fs. ... .copyFileSync($SMTH, processedImagePath, ...) fs. ... .cp(processedImagePath, ...) fs. ... .cp($SMTH, processedImagePath, ...) fs. ... .cpSync(processedImagePath, ...) fs. ... .cpSync($SMTH, processedImagePath, ...) fs. ... .createReadStream(processedImagePath,...) fs. ... .createWriteStream(processedImagePath,...) fs. ... .exists(processedImagePath, ...) fs. ... .existsSync(processedImagePath, ...) fs. ... .fchmod(processedImagePath, ...) fs. ... .fchmodSync(processedImagePath, ...) fs. ... .fchown(processedImagePath, ...) fs. ... .fchownSync(processedImagePath, ...) fs. ... .fdatasync(processedImagePath, ...) fs. ... .fdatasyncSync(processedImagePath, ...) fs. ... .fstat(processedImagePath, ...) fs. ... .fstatSync(processedImagePath, ...) fs. ... .fsync(processedImagePath, ...) fs. ... .fsyncSync(processedImagePath, ...) fs. ... .ftruncate(processedImagePath, ...) fs. ... .ftruncateSync(processedImagePath, ...) fs. ... .futimes(processedImagePath, ...) fs. ... .futimesSync(processedImagePath, ...) fs. ... .lchmod(processedImagePath, ...) fs. ... .lchmodSync(processedImagePath, ...) fs. ... .lchown(processedImagePath, ...) fs. ... .lchownSync(processedImagePath, ...) fs. ... .link(processedImagePath, ...) fs. ... .link($SMTH, processedImagePath, ...) fs. ... .linkSync(processedImagePath, ...) fs. ... .linkSync($SMTH, processedImagePath, ...) fs. ... .lstat(processedImagePath, ...) fs. ... .lstatSync(processedImagePath, ...) fs. ... .lutimes(processedImagePath, ...) fs. ... .lutimesSync(processedImagePath, ...) fs. ... .mkdir(processedImagePath, ...) fs. ... .mkdirSync(processedImagePath, ...) fs. ... .mkdtemp(processedImagePath, ...) fs. ... .mkdtempSync(processedImagePath, ...) fs. ... .open(processedImagePath, ...) fs. ... .openSync(processedImagePath, ...) fs. ... .opendir(processedImagePath, ...) fs. ... .opendirSync(processedImagePath, ...) fs. ... .read(processedImagePath, ...) fs. ... .read(processedImagePath, ...) fs. ... .readFile(processedImagePath, ...) fs. ... .readFileSync(processedImagePath, ...) fs. ... .readSync(processedImagePath, ...) fs. ... .readSync(processedImagePath, ...) fs. ... .readdir(processedImagePath, ...) fs. ... .readdirSync(processedImagePath, ...) fs. ... .readlink(processedImagePath, ...) fs. ... .readlinkSync(processedImagePath, ...) fs. ... .readv(processedImagePath, ...) fs. ... .readvSync(processedImagePath, ...) fs. ... .realpath(processedImagePath, ...) fs. ... .realpath.native(processedImagePath, ...) fs. ... .realpathSync.native(processedImagePath, ...) fs. ... .realpathync(processedImagePath, ...) fs. ... .rename(processedImagePath, ...) fs. ... .rename($SMTH, processedImagePath, ...) fs. ... .renameSync(processedImagePath, ...) fs. ... .renameSync($SMTH, processedImagePath, ...) fs. ... .rm(processedImagePath, ...) fs. ... .rmSync(processedImagePath, ...) fs. ... .rmdir(processedImagePath, ...) fs. ... .rmdirSync(processedImagePath, ...) fs. ... .stat(processedImagePath, ...) fs. ... .statSync(processedImagePath, ...) fs. ... .symlink(processedImagePath, ...) fs. ... .symlink($SMTH, processedImagePath, ...) fs. ... .symlinkSync(processedImagePath, ...) fs. ... .symlinkSync($SMTH, processedImagePath, ...) fs. ... .truncate(processedImagePath, ...) fs. ... .truncateSync(processedImagePath, ...) fs. ... .unlink(processedImagePath, ...) fs. ... .unlinkSync(processedImagePath, ...) fs. ... .unwatchFile(processedImagePath, ...) fs. ... .utimes(processedImagePath, ...) fs. ... .utimesSync(processedImagePath, ...) fs. ... .watch(processedImagePath, ...) fs. ... .watchFile(processedImagePath, ...) fs. ... .write(processedImagePath, ...) fs. ... .writeFile(processedImagePath, ...) fs. ... .writeFileSync(processedImagePath, ...) fs. ... .writeSync(processedImagePath, ...) fs. ... .writev(processedImagePath, ...) fs. ... .writevSync(processedImagePath, ...) processedImagePath $METHOD("...", ...) access(processedImagePath,...) accessSync(processedImagePath, ...) appendFile(processedImagePath,...) appendFileSync(processedImagePath, ...) chmod(processedImagePath,...) chmodSync(processedImagePath, ...) chown(processedImagePath,...) chownSync(processedImagePath, ...) close(processedImagePath,...) closeSync(processedImagePath, ...) copyFile(processedImagePath,...) copyFile($SMTH, processedImagePath,...) copyFileSync(processedImagePath, ...) copyFileSync($SMTH, processedImagePath, ...) cp(processedImagePath, ...) cp($SMTH, processedImagePath, ...) cpSync(processedImagePath, ...) cpSync($SMTH, processedImagePath, ...) createReadStream(processedImagePath,...) createWriteStream(processedImagePath,...) exists(processedImagePath, ...) existsSync(processedImagePath, ...) fchmod(processedImagePath, ...) fchmodSync(processedImagePath, ...) fchown(processedImagePath, ...) fchownSync(processedImagePath, ...) fdatasync(processedImagePath, ...) fdatasyncSync(processedImagePath, ...) fstat(processedImagePath, ...) fstatSync(processedImagePath, ...) fsync(processedImagePath, ...) fsyncSync(processedImagePath, ...) ftruncate(processedImagePath, ...) ftruncateSync(processedImagePath, ...) futimes(processedImagePath, ...) futimesSync(processedImagePath, ...) lchmod(processedImagePath, ...) lchmodSync(processedImagePath, ...) lchown(processedImagePath, ...) lchownSync(processedImagePath, ...) link(processedImagePath, ...) link($SMTH, processedImagePath, ...) linkSync(processedImagePath, ...) linkSync($SMTH, processedImagePath, ...) lstat(processedImagePath, ...) lstatSync(processedImagePath, ...) lutimes(processedImagePath, ...) lutimesSync(processedImagePath, ...) mkdir(processedImagePath, ...) mkdirSync(processedImagePath, ...) mkdtemp(processedImagePath, ...) mkdtempSync(processedImagePath, ...) open(processedImagePath, ...) openSync(processedImagePath, ...) opendir(processedImagePath, ...) opendirSync(processedImagePath, ...) read(processedImagePath, ...) read(processedImagePath, ...) readFile(processedImagePath, ...) readFileSync(processedImagePath, ...) readSync(processedImagePath, ...) readSync(processedImagePath, ...) readdir(processedImagePath, ...) readdirSync(processedImagePath, ...) readlink(processedImagePath, ...) readlinkSync(processedImagePath, ...) readv(processedImagePath, ...) readvSync(processedImagePath, ...) realpath(processedImagePath, ...) realpath.native(processedImagePath, ...) realpathSync.native(processedImagePath, ...) realpathync(processedImagePath, ...) rename(processedImagePath, ...) rename($SMTH, processedImagePath, ...) renameSync(processedImagePath, ...) renameSync($SMTH, processedImagePath, ...) rm(processedImagePath, ...) rmSync(processedImagePath, ...) rmdir(processedImagePath, ...) rmdirSync(processedImagePath, ...) stat(processedImagePath, ...) statSync(processedImagePath, ...) symlink(processedImagePath, ...) symlink($SMTH, processedImagePath, ...) symlinkSync(processedImagePath, ...) symlinkSync($SMTH, processedImagePath, ...) truncate(processedImagePath, ...) truncateSync(processedImagePath, ...) unlink(processedImagePath, ...) unlinkSync(processedImagePath, ...) unwatchFile(processedImagePath, ...) utimes(processedImagePath, ...) utimesSync(processedImagePath, ...) watch(processedImagePath, ...) watchFile(processedImagePath, ...) write(processedImagePath, ...) writeFile(processedImagePath, ...) writeFileSync(processedImagePath, ...) writeSync(processedImagePath, ...) writev(processedImagePath, ...) writevSync(processedImagePath, ...) import \'fs\'\n...\n import \'fs/promises\'\n...\n', PosixPath('server/routes/supabase-routes.ts'), 'config..semgrep.vendored-rules.javascript.lang.security.audit.detect-non-literal-fs-filename') match_id = a04215d321486b6460a6ffc5442d4b919ee2e691daa9b2de40a39c0d6aceb143bf0656c8d8364f5b3a597478d14a8ffc345add35d3c7424b684ff665397d4af6_0
2025-05-25 14:38:15,077 - semgrep.rule_match - DEBUG - match_key = ('req function ... (..., req,...) {...} processedImagePath fs = require(\'fs\')\n...\n fs = require(\'fs/promises\')\n...\n import fs from \'fs\'\n...\n import fs from \'fs/promises\'\n...\n import * as fs from \'fs\'\n...\n import * as fs from \'fs/promises\'\n...\n fs. ... .$METHOD("...", ...) fs. ... .access(processedImagePath,...) fs. ... .accessSync(processedImagePath, ...) fs. ... .appendFile(processedImagePath,...) fs. ... .appendFileSync(processedImagePath, ...) fs. ... .chmod(processedImagePath,...) fs. ... .chmodSync(processedImagePath, ...) fs. ... .chown(processedImagePath,...) fs. ... .chownSync(processedImagePath, ...) fs. ... .close(processedImagePath,...) fs. ... .closeSync(processedImagePath, ...) fs. ... .copyFile(processedImagePath,...) fs. ... .copyFile($SMTH, processedImagePath,...) fs. ... .copyFileSync(processedImagePath, ...) fs. ... .copyFileSync($SMTH, processedImagePath, ...) fs. ... .cp(processedImagePath, ...) fs. ... .cp($SMTH, processedImagePath, ...) fs. ... .cpSync(processedImagePath, ...) fs. ... .cpSync($SMTH, processedImagePath, ...) fs. ... .createReadStream(processedImagePath,...) fs. ... .createWriteStream(processedImagePath,...) fs. ... .exists(processedImagePath, ...) fs. ... .existsSync(processedImagePath, ...) fs. ... .fchmod(processedImagePath, ...) fs. ... .fchmodSync(processedImagePath, ...) fs. ... .fchown(processedImagePath, ...) fs. ... .fchownSync(processedImagePath, ...) fs. ... .fdatasync(processedImagePath, ...) fs. ... .fdatasyncSync(processedImagePath, ...) fs. ... .fstat(processedImagePath, ...) fs. ... .fstatSync(processedImagePath, ...) fs. ... .fsync(processedImagePath, ...) fs. ... .fsyncSync(processedImagePath, ...) fs. ... .ftruncate(processedImagePath, ...) fs. ... .ftruncateSync(processedImagePath, ...) fs. ... .futimes(processedImagePath, ...) fs. ... .futimesSync(processedImagePath, ...) fs. ... .lchmod(processedImagePath, ...) fs. ... .lchmodSync(processedImagePath, ...) fs. ... .lchown(processedImagePath, ...) fs. ... .lchownSync(processedImagePath, ...) fs. ... .link(processedImagePath, ...) fs. ... .link($SMTH, processedImagePath, ...) fs. ... .linkSync(processedImagePath, ...) fs. ... .linkSync($SMTH, processedImagePath, ...) fs. ... .lstat(processedImagePath, ...) fs. ... .lstatSync(processedImagePath, ...) fs. ... .lutimes(processedImagePath, ...) fs. ... .lutimesSync(processedImagePath, ...) fs. ... .mkdir(processedImagePath, ...) fs. ... .mkdirSync(processedImagePath, ...) fs. ... .mkdtemp(processedImagePath, ...) fs. ... .mkdtempSync(processedImagePath, ...) fs. ... .open(processedImagePath, ...) fs. ... .openSync(processedImagePath, ...) fs. ... .opendir(processedImagePath, ...) fs. ... .opendirSync(processedImagePath, ...) fs. ... .read(processedImagePath, ...) fs. ... .read(processedImagePath, ...) fs. ... .readFile(processedImagePath, ...) fs. ... .readFileSync(processedImagePath, ...) fs. ... .readSync(processedImagePath, ...) fs. ... .readSync(processedImagePath, ...) fs. ... .readdir(processedImagePath, ...) fs. ... .readdirSync(processedImagePath, ...) fs. ... .readlink(processedImagePath, ...) fs. ... .readlinkSync(processedImagePath, ...) fs. ... .readv(processedImagePath, ...) fs. ... .readvSync(processedImagePath, ...) fs. ... .realpath(processedImagePath, ...) fs. ... .realpath.native(processedImagePath, ...) fs. ... .realpathSync.native(processedImagePath, ...) fs. ... .realpathync(processedImagePath, ...) fs. ... .rename(processedImagePath, ...) fs. ... .rename($SMTH, processedImagePath, ...) fs. ... .renameSync(processedImagePath, ...) fs. ... .renameSync($SMTH, processedImagePath, ...) fs. ... .rm(processedImagePath, ...) fs. ... .rmSync(processedImagePath, ...) fs. ... .rmdir(processedImagePath, ...) fs. ... .rmdirSync(processedImagePath, ...) fs. ... .stat(processedImagePath, ...) fs. ... .statSync(processedImagePath, ...) fs. ... .symlink(processedImagePath, ...) fs. ... .symlink($SMTH, processedImagePath, ...) fs. ... .symlinkSync(processedImagePath, ...) fs. ... .symlinkSync($SMTH, processedImagePath, ...) fs. ... .truncate(processedImagePath, ...) fs. ... .truncateSync(processedImagePath, ...) fs. ... .unlink(processedImagePath, ...) fs. ... .unlinkSync(processedImagePath, ...) fs. ... .unwatchFile(processedImagePath, ...) fs. ... .utimes(processedImagePath, ...) fs. ... .utimesSync(processedImagePath, ...) fs. ... .watch(processedImagePath, ...) fs. ... .watchFile(processedImagePath, ...) fs. ... .write(processedImagePath, ...) fs. ... .writeFile(processedImagePath, ...) fs. ... .writeFileSync(processedImagePath, ...) fs. ... .writeSync(processedImagePath, ...) fs. ... .writev(processedImagePath, ...) fs. ... .writevSync(processedImagePath, ...) processedImagePath $METHOD("...", ...) access(processedImagePath,...) accessSync(processedImagePath, ...) appendFile(processedImagePath,...) appendFileSync(processedImagePath, ...) chmod(processedImagePath,...) chmodSync(processedImagePath, ...) chown(processedImagePath,...) chownSync(processedImagePath, ...) close(processedImagePath,...) closeSync(processedImagePath, ...) copyFile(processedImagePath,...) copyFile($SMTH, processedImagePath,...) copyFileSync(processedImagePath, ...) copyFileSync($SMTH, processedImagePath, ...) cp(processedImagePath, ...) cp($SMTH, processedImagePath, ...) cpSync(processedImagePath, ...) cpSync($SMTH, processedImagePath, ...) createReadStream(processedImagePath,...) createWriteStream(processedImagePath,...) exists(processedImagePath, ...) existsSync(processedImagePath, ...) fchmod(processedImagePath, ...) fchmodSync(processedImagePath, ...) fchown(processedImagePath, ...) fchownSync(processedImagePath, ...) fdatasync(processedImagePath, ...) fdatasyncSync(processedImagePath, ...) fstat(processedImagePath, ...) fstatSync(processedImagePath, ...) fsync(processedImagePath, ...) fsyncSync(processedImagePath, ...) ftruncate(processedImagePath, ...) ftruncateSync(processedImagePath, ...) futimes(processedImagePath, ...) futimesSync(processedImagePath, ...) lchmod(processedImagePath, ...) lchmodSync(processedImagePath, ...) lchown(processedImagePath, ...) lchownSync(processedImagePath, ...) link(processedImagePath, ...) link($SMTH, processedImagePath, ...) linkSync(processedImagePath, ...) linkSync($SMTH, processedImagePath, ...) lstat(processedImagePath, ...) lstatSync(processedImagePath, ...) lutimes(processedImagePath, ...) lutimesSync(processedImagePath, ...) mkdir(processedImagePath, ...) mkdirSync(processedImagePath, ...) mkdtemp(processedImagePath, ...) mkdtempSync(processedImagePath, ...) open(processedImagePath, ...) openSync(processedImagePath, ...) opendir(processedImagePath, ...) opendirSync(processedImagePath, ...) read(processedImagePath, ...) read(processedImagePath, ...) readFile(processedImagePath, ...) readFileSync(processedImagePath, ...) readSync(processedImagePath, ...) readSync(processedImagePath, ...) readdir(processedImagePath, ...) readdirSync(processedImagePath, ...) readlink(processedImagePath, ...) readlinkSync(processedImagePath, ...) readv(processedImagePath, ...) readvSync(processedImagePath, ...) realpath(processedImagePath, ...) realpath.native(processedImagePath, ...) realpathSync.native(processedImagePath, ...) realpathync(processedImagePath, ...) rename(processedImagePath, ...) rename($SMTH, processedImagePath, ...) renameSync(processedImagePath, ...) renameSync($SMTH, processedImagePath, ...) rm(processedImagePath, ...) rmSync(processedImagePath, ...) rmdir(processedImagePath, ...) rmdirSync(processedImagePath, ...) stat(processedImagePath, ...) statSync(processedImagePath, ...) symlink(processedImagePath, ...) symlink($SMTH, processedImagePath, ...) symlinkSync(processedImagePath, ...) symlinkSync($SMTH, processedImagePath, ...) truncate(processedImagePath, ...) truncateSync(processedImagePath, ...) unlink(processedImagePath, ...) unlinkSync(processedImagePath, ...) unwatchFile(processedImagePath, ...) utimes(processedImagePath, ...) utimesSync(processedImagePath, ...) watch(processedImagePath, ...) watchFile(processedImagePath, ...) write(processedImagePath, ...) writeFile(processedImagePath, ...) writeFileSync(processedImagePath, ...) writeSync(processedImagePath, ...) writev(processedImagePath, ...) writevSync(processedImagePath, ...) import \'fs\'\n...\n import \'fs/promises\'\n...\n', PosixPath('server/routes/supabase-routes.ts'), 'config..semgrep.vendored-rules.javascript.lang.security.audit.detect-non-literal-fs-filename') match_id = a04215d321486b6460a6ffc5442d4b919ee2e691daa9b2de40a39c0d6aceb143bf0656c8d8364f5b3a597478d14a8ffc345add35d3c7424b684ff665397d4af6_0
2025-05-25 14:38:15,078 - semgrep.rule_match - DEBUG - match_key = ('', PosixPath('server/routes/supabase-routes.ts'), 'config..semgrep.vendored-rules.javascript.lang.security.audit.detect-non-literal-fs-filename') match_id = 4e7e746ea7f5d4450e892e75e41b96a515e95364d8698a6c1ccd24f97e248bf9254905806ea5f939a5fd3bca8144f374bb403748e925dbc43268c74e56bc3e27_0
2025-05-25 14:38:15,079 - semgrep.rule_match - DEBUG - match_key = ('req function ... (..., req,...) {...} processedImagePath fs = require(\'fs\')\n...\n fs = require(\'fs/promises\')\n...\n import fs from \'fs\'\n...\n import fs from \'fs/promises\'\n...\n import * as fs from \'fs\'\n...\n import * as fs from \'fs/promises\'\n...\n fs. ... .$METHOD("...", ...) fs. ... .access(processedImagePath,...) fs. ... .accessSync(processedImagePath, ...) fs. ... .appendFile(processedImagePath,...) fs. ... .appendFileSync(processedImagePath, ...) fs. ... .chmod(processedImagePath,...) fs. ... .chmodSync(processedImagePath, ...) fs. ... .chown(processedImagePath,...) fs. ... .chownSync(processedImagePath, ...) fs. ... .close(processedImagePath,...) fs. ... .closeSync(processedImagePath, ...) fs. ... .copyFile(processedImagePath,...) fs. ... .copyFile($SMTH, processedImagePath,...) fs. ... .copyFileSync(processedImagePath, ...) fs. ... .copyFileSync($SMTH, processedImagePath, ...) fs. ... .cp(processedImagePath, ...) fs. ... .cp($SMTH, processedImagePath, ...) fs. ... .cpSync(processedImagePath, ...) fs. ... .cpSync($SMTH, processedImagePath, ...) fs. ... .createReadStream(processedImagePath,...) fs. ... .createWriteStream(processedImagePath,...) fs. ... .exists(processedImagePath, ...) fs. ... .existsSync(processedImagePath, ...) fs. ... .fchmod(processedImagePath, ...) fs. ... .fchmodSync(processedImagePath, ...) fs. ... .fchown(processedImagePath, ...) fs. ... .fchownSync(processedImagePath, ...) fs. ... .fdatasync(processedImagePath, ...) fs. ... .fdatasyncSync(processedImagePath, ...) fs. ... .fstat(processedImagePath, ...) fs. ... .fstatSync(processedImagePath, ...) fs. ... .fsync(processedImagePath, ...) fs. ... .fsyncSync(processedImagePath, ...) fs. ... .ftruncate(processedImagePath, ...) fs. ... .ftruncateSync(processedImagePath, ...) fs. ... .futimes(processedImagePath, ...) fs. ... .futimesSync(processedImagePath, ...) fs. ... .lchmod(processedImagePath, ...) fs. ... .lchmodSync(processedImagePath, ...) fs. ... .lchown(processedImagePath, ...) fs. ... .lchownSync(processedImagePath, ...) fs. ... .link(processedImagePath, ...) fs. ... .link($SMTH, processedImagePath, ...) fs. ... .linkSync(processedImagePath, ...) fs. ... .linkSync($SMTH, processedImagePath, ...) fs. ... .lstat(processedImagePath, ...) fs. ... .lstatSync(processedImagePath, ...) fs. ... .lutimes(processedImagePath, ...) fs. ... .lutimesSync(processedImagePath, ...) fs. ... .mkdir(processedImagePath, ...) fs. ... .mkdirSync(processedImagePath, ...) fs. ... .mkdtemp(processedImagePath, ...) fs. ... .mkdtempSync(processedImagePath, ...) fs. ... .open(processedImagePath, ...) fs. ... .openSync(processedImagePath, ...) fs. ... .opendir(processedImagePath, ...) fs. ... .opendirSync(processedImagePath, ...) fs. ... .read(processedImagePath, ...) fs. ... .read(processedImagePath, ...) fs. ... .readFile(processedImagePath, ...) fs. ... .readFileSync(processedImagePath, ...) fs. ... .readSync(processedImagePath, ...) fs. ... .readSync(processedImagePath, ...) fs. ... .readdir(processedImagePath, ...) fs. ... .readdirSync(processedImagePath, ...) fs. ... .readlink(processedImagePath, ...) fs. ... .readlinkSync(processedImagePath, ...) fs. ... .readv(processedImagePath, ...) fs. ... .readvSync(processedImagePath, ...) fs. ... .realpath(processedImagePath, ...) fs. ... .realpath.native(processedImagePath, ...) fs. ... .realpathSync.native(processedImagePath, ...) fs. ... .realpathync(processedImagePath, ...) fs. ... .rename(processedImagePath, ...) fs. ... .rename($SMTH, processedImagePath, ...) fs. ... .renameSync(processedImagePath, ...) fs. ... .renameSync($SMTH, processedImagePath, ...) fs. ... .rm(processedImagePath, ...) fs. ... .rmSync(processedImagePath, ...) fs. ... .rmdir(processedImagePath, ...) fs. ... .rmdirSync(processedImagePath, ...) fs. ... .stat(processedImagePath, ...) fs. ... .statSync(processedImagePath, ...) fs. ... .symlink(processedImagePath, ...) fs. ... .symlink($SMTH, processedImagePath, ...) fs. ... .symlinkSync(processedImagePath, ...) fs. ... .symlinkSync($SMTH, processedImagePath, ...) fs. ... .truncate(processedImagePath, ...) fs. ... .truncateSync(processedImagePath, ...) fs. ... .unlink(processedImagePath, ...) fs. ... .unlinkSync(processedImagePath, ...) fs. ... .unwatchFile(processedImagePath, ...) fs. ... .utimes(processedImagePath, ...) fs. ... .utimesSync(processedImagePath, ...) fs. ... .watch(processedImagePath, ...) fs. ... .watchFile(processedImagePath, ...) fs. ... .write(processedImagePath, ...) fs. ... .writeFile(processedImagePath, ...) fs. ... .writeFileSync(processedImagePath, ...) fs. ... .writeSync(processedImagePath, ...) fs. ... .writev(processedImagePath, ...) fs. ... .writevSync(processedImagePath, ...) processedImagePath $METHOD("...", ...) access(processedImagePath,...) accessSync(processedImagePath, ...) appendFile(processedImagePath,...) appendFileSync(processedImagePath, ...) chmod(processedImagePath,...) chmodSync(processedImagePath, ...) chown(processedImagePath,...) chownSync(processedImagePath, ...) close(processedImagePath,...) closeSync(processedImagePath, ...) copyFile(processedImagePath,...) copyFile($SMTH, processedImagePath,...) copyFileSync(processedImagePath, ...) copyFileSync($SMTH, processedImagePath, ...) cp(processedImagePath, ...) cp($SMTH, processedImagePath, ...) cpSync(processedImagePath, ...) cpSync($SMTH, processedImagePath, ...) createReadStream(processedImagePath,...) createWriteStream(processedImagePath,...) exists(processedImagePath, ...) existsSync(processedImagePath, ...) fchmod(processedImagePath, ...) fchmodSync(processedImagePath, ...) fchown(processedImagePath, ...) fchownSync(processedImagePath, ...) fdatasync(processedImagePath, ...) fdatasyncSync(processedImagePath, ...) fstat(processedImagePath, ...) fstatSync(processedImagePath, ...) fsync(processedImagePath, ...) fsyncSync(processedImagePath, ...) ftruncate(processedImagePath, ...) ftruncateSync(processedImagePath, ...) futimes(processedImagePath, ...) futimesSync(processedImagePath, ...) lchmod(processedImagePath, ...) lchmodSync(processedImagePath, ...) lchown(processedImagePath, ...) lchownSync(processedImagePath, ...) link(processedImagePath, ...) link($SMTH, processedImagePath, ...) linkSync(processedImagePath, ...) linkSync($SMTH, processedImagePath, ...) lstat(processedImagePath, ...) lstatSync(processedImagePath, ...) lutimes(processedImagePath, ...) lutimesSync(processedImagePath, ...) mkdir(processedImagePath, ...) mkdirSync(processedImagePath, ...) mkdtemp(processedImagePath, ...) mkdtempSync(processedImagePath, ...) open(processedImagePath, ...) openSync(processedImagePath, ...) opendir(processedImagePath, ...) opendirSync(processedImagePath, ...) read(processedImagePath, ...) read(processedImagePath, ...) readFile(processedImagePath, ...) readFileSync(processedImagePath, ...) readSync(processedImagePath, ...) readSync(processedImagePath, ...) readdir(processedImagePath, ...) readdirSync(processedImagePath, ...) readlink(processedImagePath, ...) readlinkSync(processedImagePath, ...) readv(processedImagePath, ...) readvSync(processedImagePath, ...) realpath(processedImagePath, ...) realpath.native(processedImagePath, ...) realpathSync.native(processedImagePath, ...) realpathync(processedImagePath, ...) rename(processedImagePath, ...) rename($SMTH, processedImagePath, ...) renameSync(processedImagePath, ...) renameSync($SMTH, processedImagePath, ...) rm(processedImagePath, ...) rmSync(processedImagePath, ...) rmdir(processedImagePath, ...) rmdirSync(processedImagePath, ...) stat(processedImagePath, ...) statSync(processedImagePath, ...) symlink(processedImagePath, ...) symlink($SMTH, processedImagePath, ...) symlinkSync(processedImagePath, ...) symlinkSync($SMTH, processedImagePath, ...) truncate(processedImagePath, ...) truncateSync(processedImagePath, ...) unlink(processedImagePath, ...) unlinkSync(processedImagePath, ...) unwatchFile(processedImagePath, ...) utimes(processedImagePath, ...) utimesSync(processedImagePath, ...) watch(processedImagePath, ...) watchFile(processedImagePath, ...) write(processedImagePath, ...) writeFile(processedImagePath, ...) writeFileSync(processedImagePath, ...) writeSync(processedImagePath, ...) writev(processedImagePath, ...) writevSync(processedImagePath, ...) import \'fs\'\n...\n import \'fs/promises\'\n...\n', PosixPath('server/routes/supabase-routes.ts'), 'config..semgrep.vendored-rules.javascript.lang.security.audit.detect-non-literal-fs-filename') match_id = a04215d321486b6460a6ffc5442d4b919ee2e691daa9b2de40a39c0d6aceb143bf0656c8d8364f5b3a597478d14a8ffc345add35d3c7424b684ff665397d4af6_0
2025-05-25 14:38:15,080 - semgrep.rule_match - DEBUG - match_key = ('req function ... (..., req,...) {...} processedImagePath fs = require(\'fs\')\n...\n fs = require(\'fs/promises\')\n...\n import fs from \'fs\'\n...\n import fs from \'fs/promises\'\n...\n import * as fs from \'fs\'\n...\n import * as fs from \'fs/promises\'\n...\n fs. ... .$METHOD("...", ...) fs. ... .access(processedImagePath,...) fs. ... .accessSync(processedImagePath, ...) fs. ... .appendFile(processedImagePath,...) fs. ... .appendFileSync(processedImagePath, ...) fs. ... .chmod(processedImagePath,...) fs. ... .chmodSync(processedImagePath, ...) fs. ... .chown(processedImagePath,...) fs. ... .chownSync(processedImagePath, ...) fs. ... .close(processedImagePath,...) fs. ... .closeSync(processedImagePath, ...) fs. ... .copyFile(processedImagePath,...) fs. ... .copyFile($SMTH, processedImagePath,...) fs. ... .copyFileSync(processedImagePath, ...) fs. ... .copyFileSync($SMTH, processedImagePath, ...) fs. ... .cp(processedImagePath, ...) fs. ... .cp($SMTH, processedImagePath, ...) fs. ... .cpSync(processedImagePath, ...) fs. ... .cpSync($SMTH, processedImagePath, ...) fs. ... .createReadStream(processedImagePath,...) fs. ... .createWriteStream(processedImagePath,...) fs. ... .exists(processedImagePath, ...) fs. ... .existsSync(processedImagePath, ...) fs. ... .fchmod(processedImagePath, ...) fs. ... .fchmodSync(processedImagePath, ...) fs. ... .fchown(processedImagePath, ...) fs. ... .fchownSync(processedImagePath, ...) fs. ... .fdatasync(processedImagePath, ...) fs. ... .fdatasyncSync(processedImagePath, ...) fs. ... .fstat(processedImagePath, ...) fs. ... .fstatSync(processedImagePath, ...) fs. ... .fsync(processedImagePath, ...) fs. ... .fsyncSync(processedImagePath, ...) fs. ... .ftruncate(processedImagePath, ...) fs. ... .ftruncateSync(processedImagePath, ...) fs. ... .futimes(processedImagePath, ...) fs. ... .futimesSync(processedImagePath, ...) fs. ... .lchmod(processedImagePath, ...) fs. ... .lchmodSync(processedImagePath, ...) fs. ... .lchown(processedImagePath, ...) fs. ... .lchownSync(processedImagePath, ...) fs. ... .link(processedImagePath, ...) fs. ... .link($SMTH, processedImagePath, ...) fs. ... .linkSync(processedImagePath, ...) fs. ... .linkSync($SMTH, processedImagePath, ...) fs. ... .lstat(processedImagePath, ...) fs. ... .lstatSync(processedImagePath, ...) fs. ... .lutimes(processedImagePath, ...) fs. ... .lutimesSync(processedImagePath, ...) fs. ... .mkdir(processedImagePath, ...) fs. ... .mkdirSync(processedImagePath, ...) fs. ... .mkdtemp(processedImagePath, ...) fs. ... .mkdtempSync(processedImagePath, ...) fs. ... .open(processedImagePath, ...) fs. ... .openSync(processedImagePath, ...) fs. ... .opendir(processedImagePath, ...) fs. ... .opendirSync(processedImagePath, ...) fs. ... .read(processedImagePath, ...) fs. ... .read(processedImagePath, ...) fs. ... .readFile(processedImagePath, ...) fs. ... .readFileSync(processedImagePath, ...) fs. ... .readSync(processedImagePath, ...) fs. ... .readSync(processedImagePath, ...) fs. ... .readdir(processedImagePath, ...) fs. ... .readdirSync(processedImagePath, ...) fs. ... .readlink(processedImagePath, ...) fs. ... .readlinkSync(processedImagePath, ...) fs. ... .readv(processedImagePath, ...) fs. ... .readvSync(processedImagePath, ...) fs. ... .realpath(processedImagePath, ...) fs. ... .realpath.native(processedImagePath, ...) fs. ... .realpathSync.native(processedImagePath, ...) fs. ... .realpathync(processedImagePath, ...) fs. ... .rename(processedImagePath, ...) fs. ... .rename($SMTH, processedImagePath, ...) fs. ... .renameSync(processedImagePath, ...) fs. ... .renameSync($SMTH, processedImagePath, ...) fs. ... .rm(processedImagePath, ...) fs. ... .rmSync(processedImagePath, ...) fs. ... .rmdir(processedImagePath, ...) fs. ... .rmdirSync(processedImagePath, ...) fs. ... .stat(processedImagePath, ...) fs. ... .statSync(processedImagePath, ...) fs. ... .symlink(processedImagePath, ...) fs. ... .symlink($SMTH, processedImagePath, ...) fs. ... .symlinkSync(processedImagePath, ...) fs. ... .symlinkSync($SMTH, processedImagePath, ...) fs. ... .truncate(processedImagePath, ...) fs. ... .truncateSync(processedImagePath, ...) fs. ... .unlink(processedImagePath, ...) fs. ... .unlinkSync(processedImagePath, ...) fs. ... .unwatchFile(processedImagePath, ...) fs. ... .utimes(processedImagePath, ...) fs. ... .utimesSync(processedImagePath, ...) fs. ... .watch(processedImagePath, ...) fs. ... .watchFile(processedImagePath, ...) fs. ... .write(processedImagePath, ...) fs. ... .writeFile(processedImagePath, ...) fs. ... .writeFileSync(processedImagePath, ...) fs. ... .writeSync(processedImagePath, ...) fs. ... .writev(processedImagePath, ...) fs. ... .writevSync(processedImagePath, ...) processedImagePath $METHOD("...", ...) access(processedImagePath,...) accessSync(processedImagePath, ...) appendFile(processedImagePath,...) appendFileSync(processedImagePath, ...) chmod(processedImagePath,...) chmodSync(processedImagePath, ...) chown(processedImagePath,...) chownSync(processedImagePath, ...) close(processedImagePath,...) closeSync(processedImagePath, ...) copyFile(processedImagePath,...) copyFile($SMTH, processedImagePath,...) copyFileSync(processedImagePath, ...) copyFileSync($SMTH, processedImagePath, ...) cp(processedImagePath, ...) cp($SMTH, processedImagePath, ...) cpSync(processedImagePath, ...) cpSync($SMTH, processedImagePath, ...) createReadStream(processedImagePath,...) createWriteStream(processedImagePath,...) exists(processedImagePath, ...) existsSync(processedImagePath, ...) fchmod(processedImagePath, ...) fchmodSync(processedImagePath, ...) fchown(processedImagePath, ...) fchownSync(processedImagePath, ...) fdatasync(processedImagePath, ...) fdatasyncSync(processedImagePath, ...) fstat(processedImagePath, ...) fstatSync(processedImagePath, ...) fsync(processedImagePath, ...) fsyncSync(processedImagePath, ...) ftruncate(processedImagePath, ...) ftruncateSync(processedImagePath, ...) futimes(processedImagePath, ...) futimesSync(processedImagePath, ...) lchmod(processedImagePath, ...) lchmodSync(processedImagePath, ...) lchown(processedImagePath, ...) lchownSync(processedImagePath, ...) link(processedImagePath, ...) link($SMTH, processedImagePath, ...) linkSync(processedImagePath, ...) linkSync($SMTH, processedImagePath, ...) lstat(processedImagePath, ...) lstatSync(processedImagePath, ...) lutimes(processedImagePath, ...) lutimesSync(processedImagePath, ...) mkdir(processedImagePath, ...) mkdirSync(processedImagePath, ...) mkdtemp(processedImagePath, ...) mkdtempSync(processedImagePath, ...) open(processedImagePath, ...) openSync(processedImagePath, ...) opendir(processedImagePath, ...) opendirSync(processedImagePath, ...) read(processedImagePath, ...) read(processedImagePath, ...) readFile(processedImagePath, ...) readFileSync(processedImagePath, ...) readSync(processedImagePath, ...) readSync(processedImagePath, ...) readdir(processedImagePath, ...) readdirSync(processedImagePath, ...) readlink(processedImagePath, ...) readlinkSync(processedImagePath, ...) readv(processedImagePath, ...) readvSync(processedImagePath, ...) realpath(processedImagePath, ...) realpath.native(processedImagePath, ...) realpathSync.native(processedImagePath, ...) realpathync(processedImagePath, ...) rename(processedImagePath, ...) rename($SMTH, processedImagePath, ...) renameSync(processedImagePath, ...) renameSync($SMTH, processedImagePath, ...) rm(processedImagePath, ...) rmSync(processedImagePath, ...) rmdir(processedImagePath, ...) rmdirSync(processedImagePath, ...) stat(processedImagePath, ...) statSync(processedImagePath, ...) symlink(processedImagePath, ...) symlink($SMTH, processedImagePath, ...) symlinkSync(processedImagePath, ...) symlinkSync($SMTH, processedImagePath, ...) truncate(processedImagePath, ...) truncateSync(processedImagePath, ...) unlink(processedImagePath, ...) unlinkSync(processedImagePath, ...) unwatchFile(processedImagePath, ...) utimes(processedImagePath, ...) utimesSync(processedImagePath, ...) watch(processedImagePath, ...) watchFile(processedImagePath, ...) write(processedImagePath, ...) writeFile(processedImagePath, ...) writeFileSync(processedImagePath, ...) writeSync(processedImagePath, ...) writev(processedImagePath, ...) writevSync(processedImagePath, ...) import \'fs\'\n...\n import \'fs/promises\'\n...\n', PosixPath('server/routes/supabase-routes.ts'), 'config..semgrep.vendored-rules.javascript.lang.security.audit.detect-non-literal-fs-filename') match_id = a04215d321486b6460a6ffc5442d4b919ee2e691daa9b2de40a39c0d6aceb143bf0656c8d8364f5b3a597478d14a8ffc345add35d3c7424b684ff665397d4af6_0
2025-05-25 14:38:15,080 - semgrep.rule_match - DEBUG - match_key = ('req function ... (..., req,...) {...} processedImagePath fs = require(\'fs\')\n...\n fs = require(\'fs/promises\')\n...\n import fs from \'fs\'\n...\n import fs from \'fs/promises\'\n...\n import * as fs from \'fs\'\n...\n import * as fs from \'fs/promises\'\n...\n fs. ... .$METHOD("...", ...) fs. ... .access(processedImagePath,...) fs. ... .accessSync(processedImagePath, ...) fs. ... .appendFile(processedImagePath,...) fs. ... .appendFileSync(processedImagePath, ...) fs. ... .chmod(processedImagePath,...) fs. ... .chmodSync(processedImagePath, ...) fs. ... .chown(processedImagePath,...) fs. ... .chownSync(processedImagePath, ...) fs. ... .close(processedImagePath,...) fs. ... .closeSync(processedImagePath, ...) fs. ... .copyFile(processedImagePath,...) fs. ... .copyFile($SMTH, processedImagePath,...) fs. ... .copyFileSync(processedImagePath, ...) fs. ... .copyFileSync($SMTH, processedImagePath, ...) fs. ... .cp(processedImagePath, ...) fs. ... .cp($SMTH, processedImagePath, ...) fs. ... .cpSync(processedImagePath, ...) fs. ... .cpSync($SMTH, processedImagePath, ...) fs. ... .createReadStream(processedImagePath,...) fs. ... .createWriteStream(processedImagePath,...) fs. ... .exists(processedImagePath, ...) fs. ... .existsSync(processedImagePath, ...) fs. ... .fchmod(processedImagePath, ...) fs. ... .fchmodSync(processedImagePath, ...) fs. ... .fchown(processedImagePath, ...) fs. ... .fchownSync(processedImagePath, ...) fs. ... .fdatasync(processedImagePath, ...) fs. ... .fdatasyncSync(processedImagePath, ...) fs. ... .fstat(processedImagePath, ...) fs. ... .fstatSync(processedImagePath, ...) fs. ... .fsync(processedImagePath, ...) fs. ... .fsyncSync(processedImagePath, ...) fs. ... .ftruncate(processedImagePath, ...) fs. ... .ftruncateSync(processedImagePath, ...) fs. ... .futimes(processedImagePath, ...) fs. ... .futimesSync(processedImagePath, ...) fs. ... .lchmod(processedImagePath, ...) fs. ... .lchmodSync(processedImagePath, ...) fs. ... .lchown(processedImagePath, ...) fs. ... .lchownSync(processedImagePath, ...) fs. ... .link(processedImagePath, ...) fs. ... .link($SMTH, processedImagePath, ...) fs. ... .linkSync(processedImagePath, ...) fs. ... .linkSync($SMTH, processedImagePath, ...) fs. ... .lstat(processedImagePath, ...) fs. ... .lstatSync(processedImagePath, ...) fs. ... .lutimes(processedImagePath, ...) fs. ... .lutimesSync(processedImagePath, ...) fs. ... .mkdir(processedImagePath, ...) fs. ... .mkdirSync(processedImagePath, ...) fs. ... .mkdtemp(processedImagePath, ...) fs. ... .mkdtempSync(processedImagePath, ...) fs. ... .open(processedImagePath, ...) fs. ... .openSync(processedImagePath, ...) fs. ... .opendir(processedImagePath, ...) fs. ... .opendirSync(processedImagePath, ...) fs. ... .read(processedImagePath, ...) fs. ... .read(processedImagePath, ...) fs. ... .readFile(processedImagePath, ...) fs. ... .readFileSync(processedImagePath, ...) fs. ... .readSync(processedImagePath, ...) fs. ... .readSync(processedImagePath, ...) fs. ... .readdir(processedImagePath, ...) fs. ... .readdirSync(processedImagePath, ...) fs. ... .readlink(processedImagePath, ...) fs. ... .readlinkSync(processedImagePath, ...) fs. ... .readv(processedImagePath, ...) fs. ... .readvSync(processedImagePath, ...) fs. ... .realpath(processedImagePath, ...) fs. ... .realpath.native(processedImagePath, ...) fs. ... .realpathSync.native(processedImagePath, ...) fs. ... .realpathync(processedImagePath, ...) fs. ... .rename(processedImagePath, ...) fs. ... .rename($SMTH, processedImagePath, ...) fs. ... .renameSync(processedImagePath, ...) fs. ... .renameSync($SMTH, processedImagePath, ...) fs. ... .rm(processedImagePath, ...) fs. ... .rmSync(processedImagePath, ...) fs. ... .rmdir(processedImagePath, ...) fs. ... .rmdirSync(processedImagePath, ...) fs. ... .stat(processedImagePath, ...) fs. ... .statSync(processedImagePath, ...) fs. ... .symlink(processedImagePath, ...) fs. ... .symlink($SMTH, processedImagePath, ...) fs. ... .symlinkSync(processedImagePath, ...) fs. ... .symlinkSync($SMTH, processedImagePath, ...) fs. ... .truncate(processedImagePath, ...) fs. ... .truncateSync(processedImagePath, ...) fs. ... .unlink(processedImagePath, ...) fs. ... .unlinkSync(processedImagePath, ...) fs. ... .unwatchFile(processedImagePath, ...) fs. ... .utimes(processedImagePath, ...) fs. ... .utimesSync(processedImagePath, ...) fs. ... .watch(processedImagePath, ...) fs. ... .watchFile(processedImagePath, ...) fs. ... .write(processedImagePath, ...) fs. ... .writeFile(processedImagePath, ...) fs. ... .writeFileSync(processedImagePath, ...) fs. ... .writeSync(processedImagePath, ...) fs. ... .writev(processedImagePath, ...) fs. ... .writevSync(processedImagePath, ...) processedImagePath $METHOD("...", ...) access(processedImagePath,...) accessSync(processedImagePath, ...) appendFile(processedImagePath,...) appendFileSync(processedImagePath, ...) chmod(processedImagePath,...) chmodSync(processedImagePath, ...) chown(processedImagePath,...) chownSync(processedImagePath, ...) close(processedImagePath,...) closeSync(processedImagePath, ...) copyFile(processedImagePath,...) copyFile($SMTH, processedImagePath,...) copyFileSync(processedImagePath, ...) copyFileSync($SMTH, processedImagePath, ...) cp(processedImagePath, ...) cp($SMTH, processedImagePath, ...) cpSync(processedImagePath, ...) cpSync($SMTH, processedImagePath, ...) createReadStream(processedImagePath,...) createWriteStream(processedImagePath,...) exists(processedImagePath, ...) existsSync(processedImagePath, ...) fchmod(processedImagePath, ...) fchmodSync(processedImagePath, ...) fchown(processedImagePath, ...) fchownSync(processedImagePath, ...) fdatasync(processedImagePath, ...) fdatasyncSync(processedImagePath, ...) fstat(processedImagePath, ...) fstatSync(processedImagePath, ...) fsync(processedImagePath, ...) fsyncSync(processedImagePath, ...) ftruncate(processedImagePath, ...) ftruncateSync(processedImagePath, ...) futimes(processedImagePath, ...) futimesSync(processedImagePath, ...) lchmod(processedImagePath, ...) lchmodSync(processedImagePath, ...) lchown(processedImagePath, ...) lchownSync(processedImagePath, ...) link(processedImagePath, ...) link($SMTH, processedImagePath, ...) linkSync(processedImagePath, ...) linkSync($SMTH, processedImagePath, ...) lstat(processedImagePath, ...) lstatSync(processedImagePath, ...) lutimes(processedImagePath, ...) lutimesSync(processedImagePath, ...) mkdir(processedImagePath, ...) mkdirSync(processedImagePath, ...) mkdtemp(processedImagePath, ...) mkdtempSync(processedImagePath, ...) open(processedImagePath, ...) openSync(processedImagePath, ...) opendir(processedImagePath, ...) opendirSync(processedImagePath, ...) read(processedImagePath, ...) read(processedImagePath, ...) readFile(processedImagePath, ...) readFileSync(processedImagePath, ...) readSync(processedImagePath, ...) readSync(processedImagePath, ...) readdir(processedImagePath, ...) readdirSync(processedImagePath, ...) readlink(processedImagePath, ...) readlinkSync(processedImagePath, ...) readv(processedImagePath, ...) readvSync(processedImagePath, ...) realpath(processedImagePath, ...) realpath.native(processedImagePath, ...) realpathSync.native(processedImagePath, ...) realpathync(processedImagePath, ...) rename(processedImagePath, ...) rename($SMTH, processedImagePath, ...) renameSync(processedImagePath, ...) renameSync($SMTH, processedImagePath, ...) rm(processedImagePath, ...) rmSync(processedImagePath, ...) rmdir(processedImagePath, ...) rmdirSync(processedImagePath, ...) stat(processedImagePath, ...) statSync(processedImagePath, ...) symlink(processedImagePath, ...) symlink($SMTH, processedImagePath, ...) symlinkSync(processedImagePath, ...) symlinkSync($SMTH, processedImagePath, ...) truncate(processedImagePath, ...) truncateSync(processedImagePath, ...) unlink(processedImagePath, ...) unlinkSync(processedImagePath, ...) unwatchFile(processedImagePath, ...) utimes(processedImagePath, ...) utimesSync(processedImagePath, ...) watch(processedImagePath, ...) watchFile(processedImagePath, ...) write(processedImagePath, ...) writeFile(processedImagePath, ...) writeFileSync(processedImagePath, ...) writeSync(processedImagePath, ...) writev(processedImagePath, ...) writevSync(processedImagePath, ...) import \'fs\'\n...\n import \'fs/promises\'\n...\n', PosixPath('server/routes/supabase-routes.ts'), 'config..semgrep.vendored-rules.javascript.lang.security.audit.detect-non-literal-fs-filename') match_id = a04215d321486b6460a6ffc5442d4b919ee2e691daa9b2de40a39c0d6aceb143bf0656c8d8364f5b3a597478d14a8ffc345add35d3c7424b684ff665397d4af6_1
2025-05-25 14:38:15,081 - semgrep.rule_match - DEBUG - match_key = ('', PosixPath('server/routes/supabase-routes.ts'), 'config..semgrep.vendored-rules.javascript.lang.security.audit.unsafe-formatstring') match_id = 139e0afdbca4e50b8a4f48f3b3fb4673bc38ab9ddf0ba23ce44dcaad0707833de2b9ee9e73a805f9876c8141fd0f2614fd0dbca203fbef143f01e810f33dadfd_0
2025-05-25 14:38:15,082 - semgrep.rule_match - DEBUG - match_key = ('"..." + "..."\n $X + $Y $X.concat($Y) `...${...}...`\n $X.concat("...")\n `Could not access processed image file: processedImagePath $UTIL = require(\'util\')\n...\n $UTIL.format(`Could not access processed image file: processedImagePath,fileError,...)\n console.error(`Could not access processed image file: processedImagePath,fileError,...)\n', PosixPath('server/routes/supabase-routes.ts'), 'config..semgrep.vendored-rules.javascript.lang.security.audit.unsafe-formatstring') match_id = 5b24a5fd36c54dde475e7c95c0776ce70d7ff540f2366122a85e7be8b00ba9592cbbf43f258e68a76b5b315cc869f13139849ad95598f31c34447d00978085d0_0
2025-05-25 14:38:15,082 - semgrep.rule_match - DEBUG - match_key = ('"..." + "..."\n $X + $Y $X.concat($Y) `...${...}...`\n $X.concat("...")\n `Could not access processed image file: processedImagePath $UTIL = require(\'util\')\n...\n $UTIL.format(`Could not access processed image file: processedImagePath,fileError,...)\n console.error(`Could not access processed image file: processedImagePath,fileError,...)\n', PosixPath('server/routes/supabase-routes.ts'), 'config..semgrep.vendored-rules.javascript.lang.security.audit.unsafe-formatstring') match_id = 5b24a5fd36c54dde475e7c95c0776ce70d7ff540f2366122a85e7be8b00ba9592cbbf43f258e68a76b5b315cc869f13139849ad95598f31c34447d00978085d0_0
2025-05-25 14:38:15,083 - semgrep.rule_match - DEBUG - match_key = ('"..." + "..."\n $X + $Y $X.concat($Y) `...${...}...`\n $X.concat("...")\n `Could not access processed image file: processedImagePath $UTIL = require(\'util\')\n...\n $UTIL.format(`Could not access processed image file: processedImagePath,fileError,...)\n console.error(`Could not access processed image file: processedImagePath,fileError,...)\n', PosixPath('server/routes/supabase-routes.ts'), 'config..semgrep.vendored-rules.javascript.lang.security.audit.unsafe-formatstring') match_id = 5b24a5fd36c54dde475e7c95c0776ce70d7ff540f2366122a85e7be8b00ba9592cbbf43f258e68a76b5b315cc869f13139849ad95598f31c34447d00978085d0_0
2025-05-25 14:38:15,083 - semgrep.rule_match - DEBUG - match_key = ('', PosixPath('server/services/airtable.ts'), 'config..semgrep.vendored-rules.javascript.lang.security.audit.unsafe-formatstring') match_id = ef2f527f57a14f4516184937840b89ef23c23e4f1545716dbd94471d8b0d69306b8f170afd00384c8ccb18ac6289158b64fa9f776f6a3e3034629b753df083d3_0
2025-05-25 14:38:15,084 - semgrep.rule_match - DEBUG - match_key = ('"..." + "..."\n $X + $Y $X.concat($Y) `...${...}...`\n $X.concat("...")\n `Airtable response status (format.name): $UTIL = require(\'util\')\n...\n $UTIL.format(`Airtable response status (format.name):,response.status,...)\n console.log(`Airtable response status (format.name):,response.status,...)\n', PosixPath('server/services/airtable.ts'), 'config..semgrep.vendored-rules.javascript.lang.security.audit.unsafe-formatstring') match_id = 51c8e1073bf38c0260e6bd870834aa68546503438a6a21e732ce9c1cb774de0401411f9461e185d6ff36b4d2a9df3cd62fce454ea817601efc7c2710b39dc855_0
2025-05-25 14:38:15,085 - semgrep.rule_match - DEBUG - match_key = ('"..." + "..."\n $X + $Y $X.concat($Y) `...${...}...`\n $X.concat("...")\n `Airtable response status (format.name): $UTIL = require(\'util\')\n...\n $UTIL.format(`Airtable response status (format.name):,response.status,...)\n console.log(`Airtable response status (format.name):,response.status,...)\n', PosixPath('server/services/airtable.ts'), 'config..semgrep.vendored-rules.javascript.lang.security.audit.unsafe-formatstring') match_id = 51c8e1073bf38c0260e6bd870834aa68546503438a6a21e732ce9c1cb774de0401411f9461e185d6ff36b4d2a9df3cd62fce454ea817601efc7c2710b39dc855_0
2025-05-25 14:38:15,085 - semgrep.rule_match - DEBUG - match_key = ('"..." + "..."\n $X + $Y $X.concat($Y) `...${...}...`\n $X.concat("...")\n `Airtable response status (format.name): $UTIL = require(\'util\')\n...\n $UTIL.format(`Airtable response status (format.name):,response.status,...)\n console.log(`Airtable response status (format.name):,response.status,...)\n', PosixPath('server/services/airtable.ts'), 'config..semgrep.vendored-rules.javascript.lang.security.audit.unsafe-formatstring') match_id = 51c8e1073bf38c0260e6bd870834aa68546503438a6a21e732ce9c1cb774de0401411f9461e185d6ff36b4d2a9df3cd62fce454ea817601efc7c2710b39dc855_0
2025-05-25 14:38:15,086 - semgrep.rule_match - DEBUG - match_key = ('', PosixPath('server/services/airtable.ts'), 'config..semgrep.vendored-rules.javascript.lang.security.audit.unsafe-formatstring') match_id = ef2f527f57a14f4516184937840b89ef23c23e4f1545716dbd94471d8b0d69306b8f170afd00384c8ccb18ac6289158b64fa9f776f6a3e3034629b753df083d3_0
2025-05-25 14:38:15,087 - semgrep.rule_match - DEBUG - match_key = ('"..." + "..."\n $X + $Y $X.concat($Y) `...${...}...`\n $X.concat("...")\n `Airtable API error response (format.name): $UTIL = require(\'util\')\n...\n $UTIL.format(`Airtable API error response (format.name):,responseText,...)\n console.error(`Airtable API error response (format.name):,responseText,...)\n', PosixPath('server/services/airtable.ts'), 'config..semgrep.vendored-rules.javascript.lang.security.audit.unsafe-formatstring') match_id = 6e0f0d10c0305bcd401db316d8474a0ceade08d184b5c7284e10174dd315b547f67e01104a2bb1fed9d6f68a8072603f95164f6a72e268a4b89e47d2e8be2f88_0
2025-05-25 14:38:15,087 - semgrep.rule_match - DEBUG - match_key = ('"..." + "..."\n $X + $Y $X.concat($Y) `...${...}...`\n $X.concat("...")\n `Airtable API error response (format.name): $UTIL = require(\'util\')\n...\n $UTIL.format(`Airtable API error response (format.name):,responseText,...)\n console.error(`Airtable API error response (format.name):,responseText,...)\n', PosixPath('server/services/airtable.ts'), 'config..semgrep.vendored-rules.javascript.lang.security.audit.unsafe-formatstring') match_id = 6e0f0d10c0305bcd401db316d8474a0ceade08d184b5c7284e10174dd315b547f67e01104a2bb1fed9d6f68a8072603f95164f6a72e268a4b89e47d2e8be2f88_0
2025-05-25 14:38:15,088 - semgrep.rule_match - DEBUG - match_key = ('"..." + "..."\n $X + $Y $X.concat($Y) `...${...}...`\n $X.concat("...")\n `Airtable API error response (format.name): $UTIL = require(\'util\')\n...\n $UTIL.format(`Airtable API error response (format.name):,responseText,...)\n console.error(`Airtable API error response (format.name):,responseText,...)\n', PosixPath('server/services/airtable.ts'), 'config..semgrep.vendored-rules.javascript.lang.security.audit.unsafe-formatstring') match_id = 6e0f0d10c0305bcd401db316d8474a0ceade08d184b5c7284e10174dd315b547f67e01104a2bb1fed9d6f68a8072603f95164f6a72e268a4b89e47d2e8be2f88_0
2025-05-25 14:38:15,089 - semgrep.rule_match - DEBUG - match_key = ('', PosixPath('server/services/airtable.ts'), 'config..semgrep.vendored-rules.javascript.lang.security.audit.unsafe-formatstring') match_id = ef2f527f57a14f4516184937840b89ef23c23e4f1545716dbd94471d8b0d69306b8f170afd00384c8ccb18ac6289158b64fa9f776f6a3e3034629b753df083d3_0
2025-05-25 14:38:15,089 - semgrep.rule_match - DEBUG - match_key = ('"..." + "..."\n $X + $Y $X.concat($Y) `...${...}...`\n $X.concat("...")\n `Error with Airtable format format.name: $UTIL = require(\'util\')\n...\n $UTIL.format(`Error with Airtable format format.name:,err,...)\n console.error(`Error with Airtable format format.name:,err,...)\n', PosixPath('server/services/airtable.ts'), 'config..semgrep.vendored-rules.javascript.lang.security.audit.unsafe-formatstring') match_id = b71b72c5e864543f9dd23694b3d22e321a553bf2e9eecdb7fce7a63fc5a9b7052decf612e06e14a0b51561e870cb40e535adf534421cafb27cc18415333e91b7_0
2025-05-25 14:38:15,090 - semgrep.rule_match - DEBUG - match_key = ('"..." + "..."\n $X + $Y $X.concat($Y) `...${...}...`\n $X.concat("...")\n `Error with Airtable format format.name: $UTIL = require(\'util\')\n...\n $UTIL.format(`Error with Airtable format format.name:,err,...)\n console.error(`Error with Airtable format format.name:,err,...)\n', PosixPath('server/services/airtable.ts'), 'config..semgrep.vendored-rules.javascript.lang.security.audit.unsafe-formatstring') match_id = b71b72c5e864543f9dd23694b3d22e321a553bf2e9eecdb7fce7a63fc5a9b7052decf612e06e14a0b51561e870cb40e535adf534421cafb27cc18415333e91b7_0
2025-05-25 14:38:15,090 - semgrep.rule_match - DEBUG - match_key = ('"..." + "..."\n $X + $Y $X.concat($Y) `...${...}...`\n $X.concat("...")\n `Error with Airtable format format.name: $UTIL = require(\'util\')\n...\n $UTIL.format(`Error with Airtable format format.name:,err,...)\n console.error(`Error with Airtable format format.name:,err,...)\n', PosixPath('server/services/airtable.ts'), 'config..semgrep.vendored-rules.javascript.lang.security.audit.unsafe-formatstring') match_id = b71b72c5e864543f9dd23694b3d22e321a553bf2e9eecdb7fce7a63fc5a9b7052decf612e06e14a0b51561e870cb40e535adf534421cafb27cc18415333e91b7_0
2025-05-25 14:38:15,091 - semgrep.rule_match - DEBUG - match_key = ('', PosixPath('server/services/airtable.ts'), 'config..semgrep.vendored-rules.javascript.lang.security.audit.unsafe-formatstring') match_id = ef2f527f57a14f4516184937840b89ef23c23e4f1545716dbd94471d8b0d69306b8f170afd00384c8ccb18ac6289158b64fa9f776f6a3e3034629b753df083d3_0
2025-05-25 14:38:15,092 - semgrep.rule_match - DEBUG - match_key = ('"..." + "..."\n $X + $Y $X.concat($Y) `...${...}...`\n $X.concat("...")\n `Airtable GET response status (format.name): $UTIL = require(\'util\')\n...\n $UTIL.format(`Airtable GET response status (format.name):,response.status,...)\n console.log(`Airtable GET response status (format.name):,response.status,...)\n', PosixPath('server/services/airtable.ts'), 'config..semgrep.vendored-rules.javascript.lang.security.audit.unsafe-formatstring') match_id = 471e15a9aad025fb9cfe116f063c3aa46d270455a0722e2a40a51e22b56dd6554d6f31e650ae4a05aa706bb01a4b0c4f4ea3a99338923415f762c8030d8d2095_0
2025-05-25 14:38:15,092 - semgrep.rule_match - DEBUG - match_key = ('"..." + "..."\n $X + $Y $X.concat($Y) `...${...}...`\n $X.concat("...")\n `Airtable GET response status (format.name): $UTIL = require(\'util\')\n...\n $UTIL.format(`Airtable GET response status (format.name):,response.status,...)\n console.log(`Airtable GET response status (format.name):,response.status,...)\n', PosixPath('server/services/airtable.ts'), 'config..semgrep.vendored-rules.javascript.lang.security.audit.unsafe-formatstring') match_id = 471e15a9aad025fb9cfe116f063c3aa46d270455a0722e2a40a51e22b56dd6554d6f31e650ae4a05aa706bb01a4b0c4f4ea3a99338923415f762c8030d8d2095_0
2025-05-25 14:38:15,093 - semgrep.rule_match - DEBUG - match_key = ('"..." + "..."\n $X + $Y $X.concat($Y) `...${...}...`\n $X.concat("...")\n `Airtable GET response status (format.name): $UTIL = require(\'util\')\n...\n $UTIL.format(`Airtable GET response status (format.name):,response.status,...)\n console.log(`Airtable GET response status (format.name):,response.status,...)\n', PosixPath('server/services/airtable.ts'), 'config..semgrep.vendored-rules.javascript.lang.security.audit.unsafe-formatstring') match_id = 471e15a9aad025fb9cfe116f063c3aa46d270455a0722e2a40a51e22b56dd6554d6f31e650ae4a05aa706bb01a4b0c4f4ea3a99338923415f762c8030d8d2095_0
2025-05-25 14:38:15,094 - semgrep.rule_match - DEBUG - match_key = ('', PosixPath('server/services/airtable.ts'), 'config..semgrep.vendored-rules.javascript.lang.security.audit.unsafe-formatstring') match_id = ef2f527f57a14f4516184937840b89ef23c23e4f1545716dbd94471d8b0d69306b8f170afd00384c8ccb18ac6289158b64fa9f776f6a3e3034629b753df083d3_0
2025-05-25 14:38:15,095 - semgrep.rule_match - DEBUG - match_key = ('"..." + "..."\n $X + $Y $X.concat($Y) `...${...}...`\n $X.concat("...")\n `Airtable API error response (format.name): $UTIL = require(\'util\')\n...\n $UTIL.format(`Airtable API error response (format.name):,responseText,...)\n console.error(`Airtable API error response (format.name):,responseText,...)\n', PosixPath('server/services/airtable.ts'), 'config..semgrep.vendored-rules.javascript.lang.security.audit.unsafe-formatstring') match_id = 6e0f0d10c0305bcd401db316d8474a0ceade08d184b5c7284e10174dd315b547f67e01104a2bb1fed9d6f68a8072603f95164f6a72e268a4b89e47d2e8be2f88_0
2025-05-25 14:38:15,095 - semgrep.rule_match - DEBUG - match_key = ('"..." + "..."\n $X + $Y $X.concat($Y) `...${...}...`\n $X.concat("...")\n `Airtable API error response (format.name): $UTIL = require(\'util\')\n...\n $UTIL.format(`Airtable API error response (format.name):,responseText,...)\n console.error(`Airtable API error response (format.name):,responseText,...)\n', PosixPath('server/services/airtable.ts'), 'config..semgrep.vendored-rules.javascript.lang.security.audit.unsafe-formatstring') match_id = 6e0f0d10c0305bcd401db316d8474a0ceade08d184b5c7284e10174dd315b547f67e01104a2bb1fed9d6f68a8072603f95164f6a72e268a4b89e47d2e8be2f88_0
2025-05-25 14:38:15,096 - semgrep.rule_match - DEBUG - match_key = ('"..." + "..."\n $X + $Y $X.concat($Y) `...${...}...`\n $X.concat("...")\n `Airtable API error response (format.name): $UTIL = require(\'util\')\n...\n $UTIL.format(`Airtable API error response (format.name):,responseText,...)\n console.error(`Airtable API error response (format.name):,responseText,...)\n', PosixPath('server/services/airtable.ts'), 'config..semgrep.vendored-rules.javascript.lang.security.audit.unsafe-formatstring') match_id = 6e0f0d10c0305bcd401db316d8474a0ceade08d184b5c7284e10174dd315b547f67e01104a2bb1fed9d6f68a8072603f95164f6a72e268a4b89e47d2e8be2f88_1
2025-05-25 14:38:15,097 - semgrep.rule_match - DEBUG - match_key = ('', PosixPath('server/services/airtable.ts'), 'config..semgrep.vendored-rules.javascript.lang.security.audit.unsafe-formatstring') match_id = ef2f527f57a14f4516184937840b89ef23c23e4f1545716dbd94471d8b0d69306b8f170afd00384c8ccb18ac6289158b64fa9f776f6a3e3034629b753df083d3_0
2025-05-25 14:38:15,098 - semgrep.rule_match - DEBUG - match_key = ('"..." + "..."\n $X + $Y $X.concat($Y) `...${...}...`\n $X.concat("...")\n `Error with Airtable format format.name: $UTIL = require(\'util\')\n...\n $UTIL.format(`Error with Airtable format format.name:,err,...)\n console.error(`Error with Airtable format format.name:,err,...)\n', PosixPath('server/services/airtable.ts'), 'config..semgrep.vendored-rules.javascript.lang.security.audit.unsafe-formatstring') match_id = b71b72c5e864543f9dd23694b3d22e321a553bf2e9eecdb7fce7a63fc5a9b7052decf612e06e14a0b51561e870cb40e535adf534421cafb27cc18415333e91b7_0
2025-05-25 14:38:15,098 - semgrep.rule_match - DEBUG - match_key = ('"..." + "..."\n $X + $Y $X.concat($Y) `...${...}...`\n $X.concat("...")\n `Error with Airtable format format.name: $UTIL = require(\'util\')\n...\n $UTIL.format(`Error with Airtable format format.name:,err,...)\n console.error(`Error with Airtable format format.name:,err,...)\n', PosixPath('server/services/airtable.ts'), 'config..semgrep.vendored-rules.javascript.lang.security.audit.unsafe-formatstring') match_id = b71b72c5e864543f9dd23694b3d22e321a553bf2e9eecdb7fce7a63fc5a9b7052decf612e06e14a0b51561e870cb40e535adf534421cafb27cc18415333e91b7_0
2025-05-25 14:38:15,099 - semgrep.rule_match - DEBUG - match_key = ('"..." + "..."\n $X + $Y $X.concat($Y) `...${...}...`\n $X.concat("...")\n `Error with Airtable format format.name: $UTIL = require(\'util\')\n...\n $UTIL.format(`Error with Airtable format format.name:,err,...)\n console.error(`Error with Airtable format format.name:,err,...)\n', PosixPath('server/services/airtable.ts'), 'config..semgrep.vendored-rules.javascript.lang.security.audit.unsafe-formatstring') match_id = b71b72c5e864543f9dd23694b3d22e321a553bf2e9eecdb7fce7a63fc5a9b7052decf612e06e14a0b51561e870cb40e535adf534421cafb27cc18415333e91b7_1
2025-05-25 14:38:15,099 - semgrep.rule_match - DEBUG - match_key = ('', PosixPath('server/services/direct-airtable.ts'), 'config..semgrep.vendored-rules.javascript.lang.security.audit.unsafe-formatstring') match_id = 902a5b530950c48e9e8528f5ca0e1a92f187d529841a4ef5772758ea4c025fe5343da63a2ea5d4fa3f415b150dc8a468f73402eff26c3d4ab315639f3c1aeb31_0
2025-05-25 14:38:15,100 - semgrep.rule_match - DEBUG - match_key = ('"..." + "..."\n $X + $Y $X.concat($Y) `...${...}...`\n $X.concat("...")\n `Airtable response status (format.name): $UTIL = require(\'util\')\n...\n $UTIL.format(`Airtable response status (format.name):,response.status,...)\n console.log(`Airtable response status (format.name):,response.status,...)\n', PosixPath('server/services/direct-airtable.ts'), 'config..semgrep.vendored-rules.javascript.lang.security.audit.unsafe-formatstring') match_id = 2fdbc5ad9e91ce09b0abf64ce6966e775906674b5272a0e2043bbcf9c44fb39bc3b277f5ef1add0f18fd1b45c28127c32f1f3841a6d5b18463be43075cb31a6d_0
2025-05-25 14:38:15,100 - semgrep.rule_match - DEBUG - match_key = ('"..." + "..."\n $X + $Y $X.concat($Y) `...${...}...`\n $X.concat("...")\n `Airtable response status (format.name): $UTIL = require(\'util\')\n...\n $UTIL.format(`Airtable response status (format.name):,response.status,...)\n console.log(`Airtable response status (format.name):,response.status,...)\n', PosixPath('server/services/direct-airtable.ts'), 'config..semgrep.vendored-rules.javascript.lang.security.audit.unsafe-formatstring') match_id = 2fdbc5ad9e91ce09b0abf64ce6966e775906674b5272a0e2043bbcf9c44fb39bc3b277f5ef1add0f18fd1b45c28127c32f1f3841a6d5b18463be43075cb31a6d_0
2025-05-25 14:38:15,101 - semgrep.rule_match - DEBUG - match_key = ('"..." + "..."\n $X + $Y $X.concat($Y) `...${...}...`\n $X.concat("...")\n `Airtable response status (format.name): $UTIL = require(\'util\')\n...\n $UTIL.format(`Airtable response status (format.name):,response.status,...)\n console.log(`Airtable response status (format.name):,response.status,...)\n', PosixPath('server/services/direct-airtable.ts'), 'config..semgrep.vendored-rules.javascript.lang.security.audit.unsafe-formatstring') match_id = 2fdbc5ad9e91ce09b0abf64ce6966e775906674b5272a0e2043bbcf9c44fb39bc3b277f5ef1add0f18fd1b45c28127c32f1f3841a6d5b18463be43075cb31a6d_0
2025-05-25 14:38:15,101 - semgrep.rule_match - DEBUG - match_key = ('', PosixPath('server/services/direct-airtable.ts'), 'config..semgrep.vendored-rules.javascript.lang.security.audit.unsafe-formatstring') match_id = 902a5b530950c48e9e8528f5ca0e1a92f187d529841a4ef5772758ea4c025fe5343da63a2ea5d4fa3f415b150dc8a468f73402eff26c3d4ab315639f3c1aeb31_0
2025-05-25 14:38:15,102 - semgrep.rule_match - DEBUG - match_key = ('"..." + "..."\n $X + $Y $X.concat($Y) `...${...}...`\n $X.concat("...")\n `Airtable API error response (format.name): $UTIL = require(\'util\')\n...\n $UTIL.format(`Airtable API error response (format.name):,responseText,...)\n console.error(`Airtable API error response (format.name):,responseText,...)\n', PosixPath('server/services/direct-airtable.ts'), 'config..semgrep.vendored-rules.javascript.lang.security.audit.unsafe-formatstring') match_id = 08218ffe1117664f8c7c13e43cfd1718da41cc1e9f07c0911ba53ed07e932c7c68ea4622439a21920acb1da364a820eb02c5da90d2e395ef629ad4fdcb16c186_0
2025-05-25 14:38:15,102 - semgrep.rule_match - DEBUG - match_key = ('"..." + "..."\n $X + $Y $X.concat($Y) `...${...}...`\n $X.concat("...")\n `Airtable API error response (format.name): $UTIL = require(\'util\')\n...\n $UTIL.format(`Airtable API error response (format.name):,responseText,...)\n console.error(`Airtable API error response (format.name):,responseText,...)\n', PosixPath('server/services/direct-airtable.ts'), 'config..semgrep.vendored-rules.javascript.lang.security.audit.unsafe-formatstring') match_id = 08218ffe1117664f8c7c13e43cfd1718da41cc1e9f07c0911ba53ed07e932c7c68ea4622439a21920acb1da364a820eb02c5da90d2e395ef629ad4fdcb16c186_0
2025-05-25 14:38:15,103 - semgrep.rule_match - DEBUG - match_key = ('"..." + "..."\n $X + $Y $X.concat($Y) `...${...}...`\n $X.concat("...")\n `Airtable API error response (format.name): $UTIL = require(\'util\')\n...\n $UTIL.format(`Airtable API error response (format.name):,responseText,...)\n console.error(`Airtable API error response (format.name):,responseText,...)\n', PosixPath('server/services/direct-airtable.ts'), 'config..semgrep.vendored-rules.javascript.lang.security.audit.unsafe-formatstring') match_id = 08218ffe1117664f8c7c13e43cfd1718da41cc1e9f07c0911ba53ed07e932c7c68ea4622439a21920acb1da364a820eb02c5da90d2e395ef629ad4fdcb16c186_0
2025-05-25 14:38:15,103 - semgrep.rule_match - DEBUG - match_key = ('', PosixPath('server/services/direct-airtable.ts'), 'config..semgrep.vendored-rules.javascript.lang.security.audit.unsafe-formatstring') match_id = 902a5b530950c48e9e8528f5ca0e1a92f187d529841a4ef5772758ea4c025fe5343da63a2ea5d4fa3f415b150dc8a468f73402eff26c3d4ab315639f3c1aeb31_0
2025-05-25 14:38:15,105 - semgrep.rule_match - DEBUG - match_key = ('"..." + "..."\n $X + $Y $X.concat($Y) `...${...}...`\n $X.concat("...")\n `Error with Airtable format format.name: $UTIL = require(\'util\')\n...\n $UTIL.format(`Error with Airtable format format.name:,err,...)\n console.error(`Error with Airtable format format.name:,err,...)\n', PosixPath('server/services/direct-airtable.ts'), 'config..semgrep.vendored-rules.javascript.lang.security.audit.unsafe-formatstring') match_id = 8da01b284ace08bb80bd255b51b89f8d2ae4430c1036b6a3a5e33e44b9b5d02ead9b43dbd5a41227bc80f48b61cbcfa4d9a1643417fd030a2a9cc1ca07b6b8f6_0
2025-05-25 14:38:15,105 - semgrep.rule_match - DEBUG - match_key = ('"..." + "..."\n $X + $Y $X.concat($Y) `...${...}...`\n $X.concat("...")\n `Error with Airtable format format.name: $UTIL = require(\'util\')\n...\n $UTIL.format(`Error with Airtable format format.name:,err,...)\n console.error(`Error with Airtable format format.name:,err,...)\n', PosixPath('server/services/direct-airtable.ts'), 'config..semgrep.vendored-rules.javascript.lang.security.audit.unsafe-formatstring') match_id = 8da01b284ace08bb80bd255b51b89f8d2ae4430c1036b6a3a5e33e44b9b5d02ead9b43dbd5a41227bc80f48b61cbcfa4d9a1643417fd030a2a9cc1ca07b6b8f6_0
2025-05-25 14:38:15,106 - semgrep.rule_match - DEBUG - match_key = ('"..." + "..."\n $X + $Y $X.concat($Y) `...${...}...`\n $X.concat("...")\n `Error with Airtable format format.name: $UTIL = require(\'util\')\n...\n $UTIL.format(`Error with Airtable format format.name:,err,...)\n console.error(`Error with Airtable format format.name:,err,...)\n', PosixPath('server/services/direct-airtable.ts'), 'config..semgrep.vendored-rules.javascript.lang.security.audit.unsafe-formatstring') match_id = 8da01b284ace08bb80bd255b51b89f8d2ae4430c1036b6a3a5e33e44b9b5d02ead9b43dbd5a41227bc80f48b61cbcfa4d9a1643417fd030a2a9cc1ca07b6b8f6_0
2025-05-25 14:38:15,106 - semgrep.rule_match - DEBUG - match_key = ('', PosixPath('server/services/email.ts'), 'config..semgrep.vendored-rules.javascript.lang.security.html-in-template-string') match_id = 5bd97a89f8e2218b66bdab0a3867d4d883059bceb8e833827579ee77b2226de32d5ec553d8b43df270f420ee2754a481c328863699ec85987db5d0f5f9bde2e7_0
2025-05-25 14:38:15,107 - semgrep.rule_match - DEBUG - match_key = (' LotQuote. All rights reserved.</p>\n      </div>\n    </div>\n   .*</?[a-zA-Z] ` LotQuote. All rights reserved.</p>\n      </div>\n    </div>\n  ${new Date().getFullYear()}...`\n `...${new Date().getFullYear()} LotQuote. All rights reserved.</p>\n      </div>\n    </div>\n  `\n', PosixPath('server/services/email.ts'), 'config..semgrep.vendored-rules.javascript.lang.security.html-in-template-string') match_id = 5ecfd64f2acde276a5fa4e5ad364e27624405b78d340380d928b6bf2688d63d3d52486a81d1934fb5df3baa623bd8578959b82c7cb2a443b27baa89b9a73ebaa_0
2025-05-25 14:38:15,108 - semgrep.rule_match - DEBUG - match_key = (' LotQuote. All rights reserved.</p>\n      </div>\n    </div>\n   .*</?[a-zA-Z] ` LotQuote. All rights reserved.</p>\n      </div>\n    </div>\n  ${new Date().getFullYear()}...`\n `...${new Date().getFullYear()} LotQuote. All rights reserved.</p>\n      </div>\n    </div>\n  `\n', PosixPath('server/services/email.ts'), 'config..semgrep.vendored-rules.javascript.lang.security.html-in-template-string') match_id = 5ecfd64f2acde276a5fa4e5ad364e27624405b78d340380d928b6bf2688d63d3d52486a81d1934fb5df3baa623bd8578959b82c7cb2a443b27baa89b9a73ebaa_0
2025-05-25 14:38:15,109 - semgrep.rule_match - DEBUG - match_key = (' LotQuote. All rights reserved.</p>\n      </div>\n    </div>\n   .*</?[a-zA-Z] ` LotQuote. All rights reserved.</p>\n      </div>\n    </div>\n  ${new Date().getFullYear()}...`\n `...${new Date().getFullYear()} LotQuote. All rights reserved.</p>\n      </div>\n    </div>\n  `\n', PosixPath('server/services/email.ts'), 'config..semgrep.vendored-rules.javascript.lang.security.html-in-template-string') match_id = 5ecfd64f2acde276a5fa4e5ad364e27624405b78d340380d928b6bf2688d63d3d52486a81d1934fb5df3baa623bd8578959b82c7cb2a443b27baa89b9a73ebaa_0
2025-05-25 14:38:15,109 - semgrep.rule_match - DEBUG - match_key = ('', PosixPath('server/services/stripe.ts'), 'config..semgrep.vendored-rules.generic.secrets.gitleaks.stripe-access-token') match_id = a18d6c8f41516a34511bd7029747f9bbc031643e174a59e594e7b45ccee21ec041d84a903a1e06d5b495fe810d1d6089d9600e475ffd1635bb5cd26600e05e58_0
2025-05-25 14:38:15,110 - semgrep.rule_match - DEBUG - match_key = ('(?i)\\b((sk|rk)_(test|live|prod)_[0-9a-z]{10,99})(?:[\'|\\"|\\n|\\r|\\s|\\x60|;]|$)', PosixPath('server/services/stripe.ts'), 'config..semgrep.vendored-rules.generic.secrets.gitleaks.stripe-access-token') match_id = d42984c1f12ae534764654ce87ad4f1f6ff35759e2b87a2869816c8013b04a088be72d2c64dffeae2ffa70756972308c51bd2575dbd4cc5eaf850ca0c502cc4b_0
2025-05-25 14:38:15,111 - semgrep.rule_match - DEBUG - match_key = ('(?i)\\b((sk|rk)_(test|live|prod)_[0-9a-z]{10,99})(?:[\'|\\"|\\n|\\r|\\s|\\x60|;]|$)', PosixPath('server/services/stripe.ts'), 'config..semgrep.vendored-rules.generic.secrets.gitleaks.stripe-access-token') match_id = d42984c1f12ae534764654ce87ad4f1f6ff35759e2b87a2869816c8013b04a088be72d2c64dffeae2ffa70756972308c51bd2575dbd4cc5eaf850ca0c502cc4b_0
2025-05-25 14:38:15,111 - semgrep.rule_match - DEBUG - match_key = ('(?i)\\b((sk|rk)_(test|live|prod)_[0-9a-z]{10,99})(?:[\'|\\"|\\n|\\r|\\s|\\x60|;]|$)', PosixPath('server/services/stripe.ts'), 'config..semgrep.vendored-rules.generic.secrets.gitleaks.stripe-access-token') match_id = d42984c1f12ae534764654ce87ad4f1f6ff35759e2b87a2869816c8013b04a088be72d2c64dffeae2ffa70756972308c51bd2575dbd4cc5eaf850ca0c502cc4b_0
2025-05-25 14:38:15,115 - semgrep.core_runner - DEBUG - semgrep ran in 0:00:22.242547 on 843 files
2025-05-25 14:38:15,116 - semgrep.core_runner - DEBUG - findings summary: 7 warning, 0 error, 14 info
2025-05-25 14:38:15,123 - semgrep.app.auth - DEBUG - Getting API token from settings file
2025-05-25 14:38:15,123 - semgrep.app.auth - DEBUG - No API token found in settings file
2025-05-25 14:38:15,124 - semgrep.semgrep_core - DEBUG - Failed to open resource semgrep-core-proprietary: [Errno 2] No such file or directory: '/tmp/_MEIpsXbU7/semgrep/bin/semgrep-core-proprietary'.
2025-05-25 14:38:15,273 - semgrep.output - VERBOSE - 
========================================
Files skipped:
========================================

  Always skipped by Opengrep:

   • <none>

  Skipped by .gitignore:
  (Disable by passing --no-git-ignore)

   • <all files not listed by `git ls-files` were skipped>

  Skipped by .semgrepignore:
  - https://semgrep.dev/docs/ignoring-files-folders-code/#understand-semgrep-defaults

   • <none>

  Skipped by --include patterns:

   • <none>

  Skipped by --exclude patterns:

   • <none>

  Files skipped due to insufficient read permissions:

   • <none>

  Skipped by limiting to files smaller than 1000000 bytes:
  (Adjust with the --max-target-bytes flag)

   • attached_assets/ChatGPT Image Apr 19, 2025, 01_53_58 PM.png
   • attached_assets/ChatGPT Image Apr 19, 2025, 01_55_05 PM.png
   • attached_assets/ChatGPT Image Apr 25, 2025, 03_37_06 PM.png
   • attached_assets/ChatGPT Image Apr 25, 2025, 04_09_55 PM.png
   • attached_assets/ChatGPT Image Apr 25, 2025, 04_23_04 PM.png
   • attached_assets/ChatGPT Image Apr 25, 2025, 04_31_55 PM.png
   • attached_assets/ChatGPT Image Apr 25, 2025, 04_42_12 PM.png
   • attached_assets/ChatGPT Image Apr 25, 2025, 04_45_42 PM.png
   • attached_assets/Lot Quote Vid 1.mp4
   • attached_assets/Recording 2025-04-23 091004.mp4
   • attached_assets/Recording 2025-04-23 094426.mp4
   • attached_assets/Screenshot 2025-04-21 105830.png
   • attached_assets/image_1745537470633.png
   • attached_assets/image_1745537735247.png
   • attached_assets/image_1745952588374.png
   • attached_assets/lotquote_blog_final_bundle.zip
   • base64_encoded_image.txt
   • client/public/images/auto-space-counting.png
   • client/public/images/parking-detection.png
   • client/public/images/parking-lot-polygon.png
   • client/public/videos/polygon-mapping-demo.mp4
   • client/public/videos/quote-generator-demo.mp4
   • models/parklot_finder_03092025.pt
   • models/parklot_finder_03302025.pt
   • models/parklot_finder_27042025_640.pt
   • public/images/blog/parking-lot-striping-costs.png
   • public/images/instant-quote-screenshot.png
   • public/images/parking-detection.png
   • public/images/parking-lot-polygon.png
   • public/images/parking-lot-striping-costs.png
   • public/images/quote-generator-screenshot.png
   • public/parking-lot-striping-costs.png
   • public/videos/instant-quote-demo.mp4
   • public/videos/lot-quote-demo.mp4
   • public/videos/polygon-mapping-demo.mp4
   • public/videos/quote-demo.mp4
   • public/videos/quote-generator-demo.mp4

  Partially analyzed due to parsing or internal Opengrep errors

   • client/src/components/quote-dialog.backup.tsx (1 lines skipped)
   • tailwind.config.ts (1 lines skipped)

2025-05-25 14:38:15,274 - semgrep.output - INFO - Some files were skipped or only partially analyzed.
  Scan was limited to files tracked by git.
  Partially scanned: 2 files only partially analyzed due to parsing or internal Opengrep errors
  Scan skipped: 37 files larger than 1.0 MB
  For a full list of skipped files, run opengrep with the --verbose flag.

Ran 692 rules on 843 files: 21 findings.
2025-05-25 14:38:15,274 - semgrep.app.version - DEBUG - Version cache does not exist
2025-05-25 14:38:15,292 - semgrep.metrics - VERBOSE - Not sending pseudonymous metrics since metrics are configured to OFF and registry usage is False
